Protospacer,classification,proto_G+19,sensor_seq_random,polyT_or_RE_site
GACGGAGGCTAAGCGTCGCAA,non-targeting control,GCGGAGGCTAAGCGTCGCAA,ATTTAGTCCTGCAAAAGCCTCAGCCCGTATTCTAGCTCCCAC,False
GGTAGGCGCGCCGCTCTCTAC,non-targeting control,GTAGGCGCGCCGCTCTCTAC,TAATGATCTGGTAACGGTACCAAACTCAACTTAGCAGCTGTA,False
GCCATATCGGGGCGAGACATG,non-targeting control,GCATATCGGGGCGAGACATG,TCCACACGGTTATCACTACAAGTGATGCGCATAGACGGGGCA,False
GTACTAACGCCGCTCCTACAG,non-targeting control,GACTAACGCCGCTCCTACAG,GGTTGGTGTCGTTTGCGGTTCTTGCGTTAGCTGCGCGTCTGG,False
GACGGGCGGCTATCGCTGACT,non-targeting control,GCGGGCGGCTATCGCTGACT,AGGTAGCCGTCATCGATAAACTACTTTGTGGGCGTCACCCTG,False
GCTTACAATCGTCGGTCCAAT,non-targeting control,GTTACAATCGTCGGTCCAAT,CCCACTACTTTGACCCAGCGGAAAATTTGTGTTGCGCCTGGC,False
GGCGTGCGTCCCGGGTTACCC,non-targeting control,GCGTGCGTCCCGGGTTACCC,GGCGGCTGGGTGGTCTCAGTTGTACCTCTTGTCGTAATCAAG,False
GCGGAGTAACAAGCGGACGGA,non-targeting control,GGGAGTAACAAGCGGACGGA,AAAATGGAATCGAGATGATGCCTAATGTAAATCCGACTTTAC,False
GCGAGTGTTATACGCACCGTT,non-targeting control,GGAGTGTTATACGCACCGTT,GGGTGCGTAATGTAGGAATGTACGACCGGTAGTGCGATATAC,False
GCAACGGGTTCTCCCGGCTAC,non-targeting control,GAACGGGTTCTCCCGGCTAC,TTATAGGCGTGAACCCGTCGAGGAGGATACCTTAGGCATCCT,False
GCAGGAGTCGCCGATACGCGT,non-targeting control,GAGGAGTCGCCGATACGCGT,TCTAGGTGGTGCTCACTAGTCGGTACTTCGCCAAGCCAGGCT,False
GGTGTCGGATTCCGCCGCTTA,non-targeting control,GTGTCGGATTCCGCCGCTTA,AAAGGCCAAGACAAAGTGTAACTTTAACCGGGGAGTTCATCG,False
GCGCTAGTACGCTCCTCTATA,non-targeting control,GGCTAGTACGCTCCTCTATA,ACCCTCTTCAGTTACTGAACGGACCTAATGCCCGACAGGGCC,False
GAATCGACTCGAACTTCGTGT,non-targeting control,GATCGACTCGAACTTCGTGT,CTGACGCTTTAACGAATGACGCTAGGTACCAAGTTGCGACGA,False
GCCCGATGGACTATACCGAAC,non-targeting control,GCCGATGGACTATACCGAAC,GCCAAGATGCGACAGAGCTTCAGTTCCAAGGTTCCGTGCTGA,False
GACGTTCGAGTACGACCAGCT,non-targeting control,GCGTTCGAGTACGACCAGCT,ATTGTGGATACATATAGACATCACTTCAACATTCGCGACGGT,False
GCGCGACGACTCAACCTAGTC,non-targeting control,GGCGACGACTCAACCTAGTC,CCACGGACTGGCTTTCTAATTCCTGTAGTGGCGCTACTAAAG,False
GGGTCACCGATCGAGAGCTAG,non-targeting control,GGTCACCGATCGAGAGCTAG,GGGGTATCAAAATGTCCCCTCTCGAGAACCGTATTAAAAACT,False
GCTCAACCGACCGTATGGTCA,non-targeting control,GTCAACCGACCGTATGGTCA,GACGTAATCTAATTATTCCAGAAAACCGCCACGGTGCATCGC,False
GCGTATTCGACTCTCAACGCG,non-targeting control,GGTATTCGACTCTCAACGCG,GACTTAGTAGAGTTATGCTCCGAAACAGCCATGAGCGATATG,False
GCTAGCCGCCCAGATCGAGCC,non-targeting control,GTAGCCGCCCAGATCGAGCC,CTGAGGCTCGCCGTTCACTTGCAGGACGTTGCAGCGAGGTCC,False
GGAATCGACCGACACTAATGT,non-targeting control,GAATCGACCGACACTAATGT,TATTCACAGGTCTTGGGATCGCGCACGAAACTTCGTATTCTG,False
GACTTCAGTTCGGCGTAGTCA,non-targeting control,GCTTCAGTTCGGCGTAGTCA,GTCTCCGTTTCTGCAGCCCTAATCCCGCCCCTAGGCTTGAGT,False
GGTGCGATGTCGCTTCAACGT,non-targeting control,GTGCGATGTCGCTTCAACGT,TAACAGGTAGTGAGAGGTAAGCGTATGTAGTGCTTTAATGTC,False
GCGCCTAATTTCCGGATCAAT,non-targeting control,GGCCTAATTTCCGGATCAAT,GACTCTCCGCGGCACCATTCCTCGCCGTACTTGATTTACGTC,False
GCGTGGCCGGAACCGTCATAG,non-targeting control,GGTGGCCGGAACCGTCATAG,TTCGTGAAGCCTCCTCTCCCCGTGTCGTCACCGTTCGCATAG,False
GACCCTCCGAATCGTAACGGA,non-targeting control,GCCCTCCGAATCGTAACGGA,GATACGAACGTATGTAACACGGTATTCTGTTATACACATATA,False
GAAACGGTACGACAGCGTGTG,non-targeting control,GAACGGTACGACAGCGTGTG,ACAAGGCTCTCTAAGCTGAAACTAAGGGCCGACTAGATTAGG,False
GACATAGTCGACGGCTCGATT,non-targeting control,GCATAGTCGACGGCTCGATT,CGCCGTCGGACTCAGGAACGAAGGTTCGTAACCCCCAGTGTA,False
GGATGGCGCTTCAGTCGTCGG,non-targeting control,GATGGCGCTTCAGTCGTCGG,AGTTGGACTTATCACGATGTGGATTGCGTAAGTCTCGCCTTG,False
GATAATCCGGAAACGCTCGAC,non-targeting control,GTAATCCGGAAACGCTCGAC,CTACGACTGTTACCTCCTCAAGAACAGATCCTAAGATCAAAA,False
GCGCCGGGCTGACAATTAACG,non-targeting control,GGCCGGGCTGACAATTAACG,GGAAAGAACAAAGCTCACCCGTTGCACACGAATAGTGAGGCC,False
GCGTCGCCATATGCCGGTGGC,non-targeting control,GGTCGCCATATGCCGGTGGC,GGCGTGGCGCCCCTCCTAGAGGTCACCTAGTTGGTGGATGTT,False
GCGGGCCTATAACACCATCGA,non-targeting control,GGGGCCTATAACACCATCGA,CGGCCAAACTAGTCTTGTTACTGCATCCCCGTTCACTCAGCC,False
GCGCCGTTCCGAGATACTTGA,non-targeting control,GGCCGTTCCGAGATACTTGA,GTGCTGTAATAAAAGGTGTGCCTCGTCTGCTAAACAGCGATC,False
GCGGGACGTCGCGAAAATGTA,non-targeting control,GGGGACGTCGCGAAAATGTA,AATGGATGTCATTCACGTGTGGGTGCGTCGCCACCGTGATAA,False
GAGCTCCATCGCCGCGATAAT,non-targeting control,GGCTCCATCGCCGCGATAAT,CCGAATCCTACTCAGAGGATATTCAAACGCGCTTCAGTAGAG,False
GATCGTATCATCAGCTAGCGC,non-targeting control,GTCGTATCATCAGCTAGCGC,GTGGCCGAAAACATGATACCGCTTCAGCGATCCTAAGCCTCA,False
GTCGATCGAGGTTGCATTCGG,non-targeting control,GCGATCGAGGTTGCATTCGG,GCTAATGTACTCTTTCGTAGAAGGTGGGGTAGCACGCACGCC,False
GCTCGACAGTTCGTCCCGAGC,non-targeting control,GTCGACAGTTCGTCCCGAGC,ATTCCTTCTCTACGACTTACGGCAGGCAACGGCCAACCAAGA,False
GCGGTAGTATTAATCGCTGAC,non-targeting control,GGGTAGTATTAATCGCTGAC,CATCCCCGCGGTATCGCGCCGGAGGTTGCGGGGGCCGCTTGT,False
GTGAACGCGTGTTTCCTTGCA,non-targeting control,GGAACGCGTGTTTCCTTGCA,AATCCGGCTTCAACCTTCGGGTCTTCCGACCACTGAAGATGA,False
GCGACGCTAGGTAACGTAGAG,non-targeting control,GGACGCTAGGTAACGTAGAG,ATGGGACAACGTATCTTTCATAGACTTGCCGTTGTGTATTTA,False
GCCGCTATTGAAACCGCCCAC,non-targeting control,GCGCTATTGAAACCGCCCAC,CCCGCCGTTCAGAGGCTTCTCTAGTTTGGAGGTCCCAATAAA,False
GAGACACGTCACCGGTCAAAA,non-targeting control,GGACACGTCACCGGTCAAAA,TCACAAAAACGAGGCGGCATTAGGATAGTTAAGCAGGCGCAA,False
GTTTACGATCTAGCGGCGTAG,non-targeting control,GTTACGATCTAGCGGCGTAG,ACGAGGTCTGATTCATTGCTACGTGCAACCCCCCTACACAGC,False
GTTCGCACGATTGCACCTTGG,non-targeting control,GTCGCACGATTGCACCTTGG,ATAGATGTCGACCACTCTGCATGTGAATCGTAATATACGCTG,False
GGGTTAGAGACTAGGCGCGCG,non-targeting control,GGTTAGAGACTAGGCGCGCG,TGTACTCGTCAAGATTCGCCGAAGGAGGTGGTACTCAATCAA,False
GCCTCCGTGCTAACGCGGACG,non-targeting control,GCTCCGTGCTAACGCGGACG,GGCTCGCTAAGCTGGGTTTAGGCACAATCCCTCATTTGCGAG,False
GTACGCTTGCGTTTAGCGTCC,non-targeting control,GACGCTTGCGTTTAGCGTCC,ATAAGGCAAGTATTGACTGTCAGCCGACACTCGGGAATGTGA,False
GCGCGGCCCACGCGTCATCGC,non-targeting control,GGCGGCCCACGCGTCATCGC,AGCGTCGGGGACCAACATTTGAACCCAAGTCTATAGATTGCG,False
GAGCTCGCCATGTCGGTTCTC,non-targeting control,GGCTCGCCATGTCGGTTCTC,CTATATCACAGTTGACTTTGAAATTTAAGCCTATTATGACAG,False
GAACTAGCCCGAGCAGCTTCG,non-targeting control,GACTAGCCCGAGCAGCTTCG,TTGGAACTCAGGCGCTGCCAGGTCTCGGGGCCACACCCGTTT,False
GCGCAAGGTGTCGGTAACCCT,non-targeting control,GGCAAGGTGTCGGTAACCCT,ATAGCATCTATTGCTTACTAACTAGTTCGAACTTCCCTGCGC,False
GATAGCCGCCGCTCATTACTT,non-targeting control,GTAGCCGCCGCTCATTACTT,GTACACTGATCATGTTCGACTCTAACGCAAGTCCCGGCTATG,False
GGTCGTCCGGGATTACAAAAT,non-targeting control,GTCGTCCGGGATTACAAAAT,GGACCCTGCGGCCCGAACAGACATAGCTCCGCCTTCGAGTAT,False
GTAATGCTGCACACGCCGAAT,non-targeting control,GAATGCTGCACACGCCGAAT,CTCGTAGTCGCGCCCTAGTGCGTAGCAGAGGTGGATGGGTGC,False
GTATCGCTTCCGATTAGTCCG,non-targeting control,GATCGCTTCCGATTAGTCCG,TGGTTGCTGCTGATATACGATTAAAAATAGATAGTCCTCTGG,False
GGTACCATACCGCGTACCCTT,non-targeting control,GTACCATACCGCGTACCCTT,CCGAACTGTCAGGTAAAGGAAATCTACTGGCCGTTACGTCCA,False
GTAAGATCCGCGGGTGGCAAC,non-targeting control,GAAGATCCGCGGGTGGCAAC,TCCCAGGGGGCTATGCATATTCCGGCCGAGACCGTCGACCAG,False
GGTAGACGTCGTGAGCTTCAC,non-targeting control,GTAGACGTCGTGAGCTTCAC,AGCAAGCGTTGCGGCAGATAGTCGAATCGGGGCATTGTCATC,False
GTCGCGGACATAGGGCTCTAA,non-targeting control,GCGCGGACATAGGGCTCTAA,GGAATATAGCATTCATAATGCCAACGTGTCAAGTGGTTAGTT,False
GAGCGCAGATAGCGCGTATCA,non-targeting control,GGCGCAGATAGCGCGTATCA,GTGAGGTCGCGTCCCGTATAACGTACGGCTACCATATGCCGT,False
GGTTCGCTTCGTAACGAGGAA,non-targeting control,GTTCGCTTCGTAACGAGGAA,GATTGTACATTGTTAAGAACATGGGGTATCTCAACCTCGTGA,False
GACGTCCATACTGTCGGCTAC,non-targeting control,GCGTCCATACTGTCGGCTAC,TACCCAGTGTTGCAGCTGCCACCGAGAGGTCTAGCGAAGGGG,False
GGTACCATTGCCGGCTCCCTA,non-targeting control,GTACCATTGCCGGCTCCCTA,AGTATTCAGTTGCCGTGGGCCGCCTGTACATTATCGGCGTTA,False
GTGGTTCCGTAGGTCGGTATA,non-targeting control,GGGTTCCGTAGGTCGGTATA,ATCCCAATCGATATGCACCCTAGCAGATGATAAGTCTCCAAA,False
GTCTGGCTTGACACGACCGTT,non-targeting control,GCTGGCTTGACACGACCGTT,ACCGCTTGACGGGTCCTGGCCGCTTTAGCGAGCATGTATCCT,False
GCGCTAGGTCCGGTAAGTGCG,non-targeting control,GGCTAGGTCCGGTAAGTGCG,CAGGCGCACTGAGTTGAGAATGCAGCTGTGGGACCTTAAACT,False
GAGCACGTAATGTCCGTGGAT,non-targeting control,GGCACGTAATGTCCGTGGAT,GCCTATAGGCTTAACGGGGGGCACACCCGGCTAGGAGAAATC,False
GAAGGCGCGCGAATGTGGCAG,non-targeting control,GAGGCGCGCGAATGTGGCAG,GGCTGGATAGGGAGTACAATATGACTTCACGAATTTCATTGG,False
GACTGCGGAGCGCCCAATATC,non-targeting control,GCTGCGGAGCGCCCAATATC,CACGCGCGATGGGCGACCGGTGCAACAAAGGGTTTGTAGGCC,False
GCGTCGAGTGCTCGAACTCCA,non-targeting control,GGTCGAGTGCTCGAACTCCA,GGGTTAGGACGGATGCCCAAGATGAGCCAGGCCAAGTTGGTC,False
GTCGCAGCGGCGTGGGATCGG,non-targeting control,GCGCAGCGGCGTGGGATCGG,TAAGAAGGTACCCCAACTAGTTATACTGGGCGGGAGAGCATT,False
GATCTGTCCTAATTCGGATCG,non-targeting control,GTCTGTCCTAATTCGGATCG,CCTAATAGTAAGGGTTCCTCAATTCAGTACTATGTAAGTAAG,False
GTGCGGCGTAATGCTTGAAAG,non-targeting control,GGCGGCGTAATGCTTGAAAG,AGGCACACCCAGCGTGGTAAATCCAAAATCTCCTGTAAGTTC,False
GGCCGTGTTGCTGGATACGCC,non-targeting control,GCCGTGTTGCTGGATACGCC,ACGTAATGGCTATCACAGTTACGTCGGGTCTTATCGAAGTGA,False
GTACCCTCCGGATACGGACTG,non-targeting control,GACCCTCCGGATACGGACTG,TAATCGCGACGGCGAAGGGCGACTGCGAGACTATGTAACGTT,False
GCCGTTGGACTATGGCGGGTC,non-targeting control,GCGTTGGACTATGGCGGGTC,GTTGTGCACGACCCATACACCATAAGCCGCCGTCTGAATATA,False
GGTACGGGGCGATCATCCACA,non-targeting control,GTACGGGGCGATCATCCACA,ACATAAGGATGATTACGTGCGGCTCCATTACACGGTTAATGG,False
GCGGCTCGTTCTACGCACTGA,non-targeting control,GGGCTCGTTCTACGCACTGA,GAATCTATAAGACGAAGTAATTGCCAGGAATGAGCCCTAAAT,False
GTCCAGCGCGAGCTTACTCGT,non-targeting control,GCCAGCGCGAGCTTACTCGT,CCCGCTTCGATACTGGGACAGGCCTCTACCTGAGTCAATGCA,False
GGGAGTGGTCCCGTACGCAAC,non-targeting control,GGAGTGGTCCCGTACGCAAC,CCGTCATAGGATTTACACCACGACAAAGCGACGTTGAGTGAT,False
GCAAGACCTTATCGTGCAGCG,non-targeting control,GAAGACCTTATCGTGCAGCG,TGGACAGCGAGATTTACGTTGAATGGTCGTACGGACGACTTG,False
GACGTCGTTTAGCACCCGGCT,non-targeting control,GCGTCGTTTAGCACCCGGCT,CAACGAGAGACACTTTAACCGTGGGAAGCTCTCACAATTTGA,False
GTTTCAGGCTACGGGCGCGGG,non-targeting control,GTTCAGGCTACGGGCGCGGG,AAGCCCTTCGAAGATGTACTGCAGGAGTGAGATCTTATGTTT,False
GGTACCCCTATGGCCGTTCTA,non-targeting control,GTACCCCTATGGCCGTTCTA,GGCACTATGCACTGGTGTGTTGTTCATGCCCCATCAAATATG,False
GTACCCACGCGTATTCCATCT,non-targeting control,GACCCACGCGTATTCCATCT,GGCCTCGAGTAACATGTTGGGGCAAGATCACGGCAGGTCCCA,False
GCTTGTTGCGTATACGAGACT,non-targeting control,GTTGTTGCGTATACGAGACT,GAGCCTATAACGCGTCCAACCTGTACCGCATATGAAACGTCG,False
GGAACGCCGCTCAAGTTGATA,non-targeting control,GAACGCCGCTCAAGTTGATA,GCGCCTCCACAGAAACCCGGACCTACATGCGGACAAACGGAA,False
GGCGAACCCCGTAGCCAGGCT,non-targeting control,GCGAACCCCGTAGCCAGGCT,TACCCGGTCTGTGTTCTACGATCTTGTTCTCCCAAAGTGAAC,False
GCCTCGGGCGTAAATACTCAT,non-targeting control,GCTCGGGCGTAAATACTCAT,AAGGCAATACAGCTGTCATACCAGGCAGGTGGGATGTTCAGG,False
GAGGGCACCCGGTTCATACGC,non-targeting control,GGGGCACCCGGTTCATACGC,CACGGAAGAAGGTATCCGTACAGCAAAGTCGGTTGGCCTCGC,False
GCACGGCCTAACTTGCTGATA,non-targeting control,GACGGCCTAACTTGCTGATA,GGGCTAGAGCCAGAGGTGCAACGCCTCGGACCGGAGGCGGTC,False
GCCGGGAGATTAACGTTAATT,non-targeting control,GCGGGAGATTAACGTTAATT,TTGGGTCCAAACGTCGCTAAAAGAGGGCGTCATCCCGTCGAG,False
GATCTCGGGTCGACTGCGGAT,non-targeting control,GTCTCGGGTCGACTGCGGAT,CAGTGCTACGCTCATGTGGCGGTTCCCACACAGTAGGCACTG,False
GCGCCGGGACCGTTAGGGAAT,non-targeting control,GGCCGGGACCGTTAGGGAAT,CCCAAACTATAAATATGTTGTACGAAACCAGGCACGCCGATG,False
GGCTTAACCTATCCGCCAGTA,non-targeting control,GCTTAACCTATCCGCCAGTA,TTTACGCCCATCGCATTCCGGATTACTTGCGAGTCCGACTTC,False
GCTCCTTACGTCGGGCATTAA,non-targeting control,GTCCTTACGTCGGGCATTAA,CCTGTGATCCCGTATACCGGTAACCTTGGTCCGAAGGTGTTC,False
GATTCCTTCGGCGCTCTGCGT,non-targeting control,GTTCCTTCGGCGCTCTGCGT,CAGGGAGTGATTCCACGCTATTGTGGGCGTACTCAGCTAGGT,False
GATGCGCTTTAATCGCCGTTC,non-targeting control,GTGCGCTTTAATCGCCGTTC,GCTCGGGCAGCTGAAGCAACGTAGTTGTGCGTGTGCGGGTCT,False
GTTAGCCCTCGATTGGTTGCG,non-targeting control,GTAGCCCTCGATTGGTTGCG,GATGTCATTATGAAAGGGGGGAAGGTAATCTGTCGTAGGGCA,False
GAACGCTGTCGTACGTGTATA,non-targeting control,GACGCTGTCGTACGTGTATA,TGACACGAACCATCGTACCACAGGGCCGCTTGGCGCGATCAT,False
GTAACGCGCATATCTGAACAC,non-targeting control,GAACGCGCATATCTGAACAC,GCCTTCGGAAGTCGAAGCCGATATCGAAACCAGTATAAGCGG,False
GCGCTAGGTTATTTCGTGGCC,non-targeting control,GGCTAGGTTATTTCGTGGCC,CGGCGATATAGTAGGTTCTTGCAAGGCCATTGGAAGTCAGCG,False
GAATATTTGGCTCGGCTGCGC,non-targeting control,GATATTTGGCTCGGCTGCGC,GCAACGTTTAACAGACGTCCTCCCGTAGATCGGAAGGCACAC,False
GCAATATCGGGTGCTACAGGA,non-targeting control,GAATATCGGGTGCTACAGGA,TCCGCATGTCAGGCCATGTTCAATCTGAATCTCCTGATACTA,False
GCGGCCGCATCCTGTTATATT,non-targeting control,GGGCCGCATCCTGTTATATT,AATGGCCGTCGGTTACTAACAAAACCGCCGGGGACGAGTACC,False
GCTGGATCGCCCGCAGAAATA,non-targeting control,GTGGATCGCCCGCAGAAATA,GCAGATTCTAGCGCCGATGCCCGTGACCACTGATTAGGTTCA,False
GTGGAAATCGACTGTGCGCTT,non-targeting control,GGGAAATCGACTGTGCGCTT,TGCAACAGGAGTGGCAAACTAGTGGTAGGTATTTACTGCCCT,False
GATTAGCCGTTGCCATATCAA,non-targeting control,GTTAGCCGTTGCCATATCAA,CTGGGCCCAACCGAAAGATGTTGCTTCGTTCGCTGTGCGGCA,False
GACCCGATAATAGCTACTGGT,non-targeting control,GCCCGATAATAGCTACTGGT,TGCAAGTTCGCGAGATCGCGCGTTGGAGAAAACGCAGCTTAT,False
GATTCAGCGCGCTCGCCCTGG,non-targeting control,GTTCAGCGCGCTCGCCCTGG,TAATGACAGCCCTCCATCAGGCCTCAATCCATATAGTCCCAA,False
GCCCGCCGAAGACCCTGCTTG,non-targeting control,GCCGCCGAAGACCCTGCTTG,GCAAGAGTGGATTAGCCCGCATGCGATATACTCACGTGAGCC,False
GTGCCGTGAAAAGACGCTGCG,non-targeting control,GGCCGTGAAAAGACGCTGCG,CAACTCCAGCAAGACAGCACTCAGCTTAACCTGTGAAGTACC,False
GCTTACGCGCCTGGTCAAAAG,non-targeting control,GTTACGCGCCTGGTCAAAAG,AGTGTGTGGTTAGGACTAATAAATGAGACCAGTTCGCTAGAG,False
GCGCATAAGTCGATAGACACA,non-targeting control,GGCATAAGTCGATAGACACA,AGCAGGCACAGACCGCTGCTTGTCTATGCGCAGGCCACTTCA,False
GGTCATCAGCGATTTGACGAG,non-targeting control,GTCATCAGCGATTTGACGAG,TCAGAAGATTAAAGACAGTGTATCGCGCCCGTAGCCATACGA,False
GCGAATCGGAACTTTGTACCG,non-targeting control,GGAATCGGAACTTTGTACCG,CGGGAGCTGTTACGGGGATTGGCCGGCATAAAACTCTCAATG,False
GTGCGCCTTACTCGTTAACTG,non-targeting control,GGCGCCTTACTCGTTAACTG,CCAACATTTCGAGGATGCCAGACGTGTTGCTGCAGAATCTTT,False
GTGACGCGATAGAGTTGGCTT,non-targeting control,GGACGCGATAGAGTTGGCTT,GTGTCATCACCCTAATTAAAGCTAATGTTCGAATCTTACCAA,False
GTTCACCGTCCACGTGCGCAT,non-targeting control,GTCACCGTCCACGTGCGCAT,CAGCACATAGGGGTGTCGGCAAGGGTTAGCTTACGGAACGGG,False
GTTCTTCGGCCTACACCCGGT,non-targeting control,GTCTTCGGCCTACACCCGGT,AGGGTGTATTAAAGTCGAAGTTAATACGCCATACGAGCACCT,False
GGGAATTACGACTAACCGATT,non-targeting control,GGAATTACGACTAACCGATT,TGACTCACGCCCCGGTGAGAACGAAGTTACTAAACACCGCCA,False
GTGCGGGGAGCTCTCTTAATG,non-targeting control,GGCGGGGAGCTCTCTTAATG,ATACCGGGAAAGACGTGCTTGCGTGCTTTCTGGGCGGCGTCA,False
GTAGAGATATCCGATCGTGGT,non-targeting control,GAGAGATATCCGATCGTGGT,GGGCCAGACCCGGTATCCCCATGCTCCTGCGGTAGTGGATTC,False
GGGGTGCCCACTAATAGCCGC,non-targeting control,GGGTGCCCACTAATAGCCGC,TTGGACCAAAAGTGGTGCCCGCACTGATACCATTTGGTTCCG,False
GTGCAGTCGCGCTGAGCGTCA,non-targeting control,GGCAGTCGCGCTGAGCGTCA,AGGAGCAGTCAGTCACATCTAAAGGGTTCGATTTGCAAAATG,False
GGGATTGAATGGCTAACGCGG,non-targeting control,GGATTGAATGGCTAACGCGG,CGTAGCCACTAGCGTTAGGGGTAGAACCATAAGTGTAGTGAT,False
GGCGGTTCCGGGAGCACATTT,non-targeting control,GCGGTTCCGGGAGCACATTT,AATTTGAGCGGCACTATAACGTATGTGTGACCAGGGTATAGT,False
GGAAGACGTGCTGGCGTCACC,non-targeting control,GAAGACGTGCTGGCGTCACC,GCGACGCTGCGGGTGCAAGTTGGAGGTACTTATGCTATCCTA,False
GGGCGCATTAAAGTCGAGAGC,non-targeting control,GGCGCATTAAAGTCGAGAGC,AGACAGGCGGGCAGTCGAGTGAATGTCCAAGTACCAACGCGA,False
GGACGTAGCCTTCCGAAATAT,non-targeting control,GACGTAGCCTTCCGAAATAT,TTCCGCGCTCATTTCGGTCTTAGCTTTATTTCAGCATACGTC,False
GCTATATTGTCGCGCAGTGGA,non-targeting control,GTATATTGTCGCGCAGTGGA,GCGAGTTGAAACAGTCCACCCTATTGCTTGACGATGCCTGCT,False
GCGGCTTTGTTGCCCGTAAGC,non-targeting control,GGGCTTTGTTGCCCGTAAGC,GCAACAGACTGCCAGCGGCTCTATCCTGATATGAACTAACTA,False
GTCCCGGTTGGTGAACGATAC,non-targeting control,GCCCGGTTGGTGAACGATAC,AGTGCTCTAAACGGAGCTCCGCGTTGTGACTGCGCGCGAAAG,False
GTTAACTCGAACGCTCGAAAG,non-targeting control,GTAACTCGAACGCTCGAAAG,TAACGCGCTGATCGAGACACATCGCTTGTAGCCGCAGACTTG,False
GGGACTATCCACCGTTTACTC,non-targeting control,GGACTATCCACCGTTTACTC,TCCCCTTCAGCGGCCCGTTCAGAAAGGGTCAGTCTGTACTGC,False
GTAGGCGCCCGTAGCATTGGA,non-targeting control,GAGGCGCCCGTAGCATTGGA,ACTGCATATGTTACTGGTCGTAGTATGTGGTGAACCCTAATG,False
GGCGGCGTCTGGGAATCGTTC,non-targeting control,GCGGCGTCTGGGAATCGTTC,CGACGGTGACCCTACGTTGGAAGGCCCCTCATCCTTAGCCTC,False
GTTCAATCACCTCACGGTAAG,non-targeting control,GTCAATCACCTCACGGTAAG,GACGCAAAAATAGCGCCCGCACCTGACGGACCGCGTACTCTG,False
GCGGTTTACATCTGCCCATCG,non-targeting control,GGGTTTACATCTGCCCATCG,TCCTGTTCATACGCGAGGGGGACATAACGTCGGATGTAATGG,False
GGGGCGTGTATGTTCGTATTG,non-targeting control,GGGCGTGTATGTTCGTATTG,GTTGGTTCATTCCTACCGAACTGCGAACAGCCTGCTTAAGTT,False
GGCGGCGTCATCCACGCGTGC,non-targeting control,GCGGCGTCATCCACGCGTGC,GTTGCGTAGGTTTAAACCGATGTTACCCGCTGATCGACCGAG,False
GGGGTATAGACGCGATCCTCA,non-targeting control,GGGTATAGACGCGATCCTCA,TTATAGTGGGGAAACCGAGGATAAACTGGGACTCACTCATAA,False
GACAGCGCTCTCGTGTACTAT,non-targeting control,GCAGCGCTCTCGTGTACTAT,CTATCGGGAAAGCCGTGAGAGACAAACCAGCGTGCCATTTCC,False
GACTAGCCTGTTCGCGAGTAG,non-targeting control,GCTAGCCTGTTCGCGAGTAG,GACACTTGTCGTCATACCGTACACTCCCATTTGCCACACTGC,False
GAAAACATCGACCGAAAGCGT,non-targeting control,GAAACATCGACCGAAAGCGT,AAGGTCCCGTCTGCGGCCTATTCACGTATCGGCCTAAGCGGT,False
GACACCGAAGCACCTGTACGT,non-targeting control,GCACCGAAGCACCTGTACGT,ACCGCTTTATGGAACGCATCGATCAACCGGTTGACACCATCG,False
GGGGTCGAGGACTAATAGATT,non-targeting control,GGGTCGAGGACTAATAGATT,CCGATTATCGACGGTTGCTTATAATATCACTTATGTACACTA,False
GACGCCTCCTCAAATTAGCTC,non-targeting control,GCGCCTCCTCAAATTAGCTC,TATAGTCTTTGTTGCGAGGTCTTTGCATCGCGCCTCCACTTC,False
GCCTACGCGGTAGGGAACTTT,non-targeting control,GCTACGCGGTAGGGAACTTT,ACACTGTGTCACGGCTGAAAAGCGTAAAACTGGTCCGGTTCC,False
GAAGCACTAGTCCGTATGATG,non-targeting control,GAGCACTAGTCCGTATGATG,CATTAGACTGTATTCCTGGATGCCAGGGCCCCTCGACTTCTA,False
GAGGCGCCAACATTGACCGTA,non-targeting control,GGGCGCCAACATTGACCGTA,GCACCTAACATCGCGCAACTTTCTTCTCATTACTGTCGTCGA,False
GTAATCATGCACATTCGGGAC,non-targeting control,GAATCATGCACATTCGGGAC,GAGGCTATATTGTATGACTTGCAAGACCATGGGTTAGAACCC,False
GCGTCGGGTAGCTATTTCTTT,non-targeting control,GGTCGGGTAGCTATTTCTTT,CAGTTAAAACGGATTCGGAAGAACATTGTACCCGTTCATCAG,False
GGTGCGACGAATTGTCCTGAG,non-targeting control,GTGCGACGAATTGTCCTGAG,TAACTCTGGACCTCATGGGTTTCACTGTATAACGGACTCGCA,False
GCTTCCGTTATTCGGAAGTGA,non-targeting control,GTTCCGTTATTCGGAAGTGA,ATTCTCCCGCGCGGACTTGTACGGTTGCTTCAGCTATAGTCT,False
GTACTGGAGTTTGCGACTCGG,non-targeting control,GACTGGAGTTTGCGACTCGG,CGAGGCCCAGCAGACTTTACTCGCCACTTTCCATGGCCTACA,False
GATCCAGATCACCACGCGTCA,non-targeting control,GTCCAGATCACCACGCGTCA,GCACCGTCTGAGGCTAAACTGCGAGATGGGAAAAGTCGGTGT,False
GATACGGCCGAAGCCCCTTCA,non-targeting control,GTACGGCCGAAGCCCCTTCA,GTGCTGGTTTGTGACATGAACAGGTTTCTTGGGGAGATAAAA,False
GAACATCTCGTTAGGGGTATC,non-targeting control,GACATCTCGTTAGGGGTATC,AAATCCAGGGATTGTGGTTGCATCCGCATATTCGCGGATGTC,False
GGTCAGGTAATAGTCGGACTC,non-targeting control,GTCAGGTAATAGTCGGACTC,TTTCACCCCGCCCTGGTGGCTTGCGCGTACGCAGTAACACCT,False
GTTCGAGGTCCGGACAGGTCG,non-targeting control,GTCGAGGTCCGGACAGGTCG,TTGCTGGTTTAAGAGACTGAAATTGTACCCACAACAAGCCGG,False
GTGAGCATTCGTAGCCCAGCA,non-targeting control,GGAGCATTCGTAGCCCAGCA,TGCACCTGGAGTGTAGGAGGCCGCACGATGCGATAGGCGGCA,False
GTAAGGCGACCTGCGCTTGTG,non-targeting control,GAAGGCGACCTGCGCTTGTG,AAAATTGTACCTCTACGATGATTGCGTGCCGCGGGTAACAAA,False
GAGCTGCGCGCTACTGGATCA,non-targeting control,GGCTGCGCGCTACTGGATCA,ACGGGTTGTTGATCTACCAACGTGCCGAGGGGGCCGAGGGCA,False
GGCAAAAACCCAACGCTATTC,non-targeting control,GCAAAAACCCAACGCTATTC,CTGGAGTCCCGAGCAAGGCCAAACCCGCATGACGGTATGTAT,False
GGCCGCCGATTTCATAAGTAA,non-targeting control,GCCGCCGATTTCATAAGTAA,CGGTATTCGCCGTGCATATATACTTCCGCGATTATAAACACT,False
GGTTCCGTGAGGGTTACTTCA,non-targeting control,GTTCCGTGAGGGTTACTTCA,TTAGTTGGCTAGGCATCCGGCACCGTTAAACTCCCCCAAGCG,False
GCGGGGAATTGCACGGCGGAA,non-targeting control,GGGGGAATTGCACGGCGGAA,GATATTAACCGCTCGAGGGCAAGGTATTACTCTGGCACCCCT,False
GTGTCTTTAAACACGCCATCG,non-targeting control,GGTCTTTAAACACGCCATCG,CATAATAGACACCAGTGCTGCCGGGCCAGCACAGCCAGGAAT,False
GACAAAATGCCGTGCGTCAAT,non-targeting control,GCAAAATGCCGTGCGTCAAT,TCTTCAAGCACACGTAACTATGAGTATATATTTCAAAAAATC,False
GCGAAACCCTCTTAAGTTAAC,non-targeting control,GGAAACCCTCTTAAGTTAAC,GAGTGAAGACAGTATCCTCCGGCGACCGGTGTTGGTGCACTC,False
GCCATTCTCAACCGGTCCAAT,non-targeting control,GCATTCTCAACCGGTCCAAT,GGTGGGCGCTCGGGTGCATGGGGCTATTTCAGTTTCCGCCAT,False
GGTTATTGACCCGTCGGGAGT,non-targeting control,GTTATTGACCCGTCGGGAGT,TGTTGAATCCTACCTCGTTCTTGACTTGTGACGAGGCCGCAG,False
GGGTTTCACTTCGAGACCGGC,non-targeting control,GGTTTCACTTCGAGACCGGC,GTCGACCTTGCCTTCGTTATATCACTGTACGAGACTAGCACC,False
GCTTTGATAACGTGGGCGGTA,non-targeting control,GTTTGATAACGTGGGCGGTA,TAAGGTGTGGTGAAGTACAAATAGCTTCCGGTAAGTGATTGC,False
GCCCCAACTTTCGCGACTCCG,non-targeting control,GCCCAACTTTCGCGACTCCG,GCCACCCCTTGCGAAATGCCACTATCGTCGAGCTGATTACAT,False
GCAAACAGTCTAAGGCGACGA,non-targeting control,GAAACAGTCTAAGGCGACGA,GCGGTAGAACTAAGGCAGACTCCTCAGACTAACTGTGTAGAG,False
GCGGCACACCAATGCGTTCGT,non-targeting control,GGGCACACCAATGCGTTCGT,AACGAGTACAAGAACACGCAGCGTGCTCGGGGACCATTGAAG,False
GGGGACGCGAAAGAAACCAGT,non-targeting control,GGGACGCGAAAGAAACCAGT,TGGATTATATTCGTGGAAGCCTCCACCAATATAACGCACCCT,False
GAACGCGAGTCCGGTGGCTAG,non-targeting control,GACGCGAGTCCGGTGGCTAG,AATCGAGCCCTAGGGGGGTGACGCGACGGAATGGAGACCGGT,False
GTGTCATTAGCGTAACGATAT,non-targeting control,GGTCATTAGCGTAACGATAT,CGATAGGATGAGATACAGTAATCACTTCCGTCCACAGATGAT,False
GCGTGCGTGAAATCGCTAGCT,non-targeting control,GGTGCGTGAAATCGCTAGCT,GTCTACTATTGTCTATATTTGAACGCTACCAAATAAATGAAG,False
GATCAGGCCTTGTCCGTGATT,non-targeting control,GTCAGGCCTTGTCCGTGATT,CAGCCATGTTAATCTTCGACGCGTGCTAACTGCACCGCTCGG,False
GCGTCCAGAAGAACGGCCCCT,non-targeting control,GGTCCAGAAGAACGGCCCCT,CAATTCCGCCCACGATCCTATTAGCGCTAAGCAATTCTTCAT,False
GAGAGCGTCTTCGTGACAAAC,non-targeting control,GGAGCGTCTTCGTGACAAAC,GCAGCACCTCGGATCTTGTACCCTGGTAGCAGTAGCGTACGA,False
GGATGGCGCGCAGTTGAGTCA,non-targeting control,GATGGCGCGCAGTTGAGTCA,ATAAAAAGTTACCCTCACCGTGGCCGTGCGTTGCTAGTAGGG,False
GACGCTGACGAGTAAAAGCGG,non-targeting control,GCGCTGACGAGTAAAAGCGG,TGGCAGAGTTTAGGATATGGCCCAGCCATCAGATTAACGAAC,False
GTATCAATCGTCCGGGTCACT,non-targeting control,GATCAATCGTCCGGGTCACT,TTAATAACCAGTTAGAGCTATCAGTGGCGTGGCTCTTCGTAC,False
GTCAGATTCCGCAAGGGTCCA,non-targeting control,GCAGATTCCGCAAGGGTCCA,GACGCAAAATCTTACTCCACCTAATCGACACGCTATCTTCCA,False
GGCGATCGGAGTGCCACGATA,non-targeting control,GCGATCGGAGTGCCACGATA,TAATCATTAACATGGTTATTAGCCAATTCCCCAGGTGGGGGG,False
GATATAAACTGTCGCGGTAAA,non-targeting control,GTATAAACTGTCGCGGTAAA,GCTCGCCTCGTGCGATGAACTTGTAGCGCACGCGTCCGCACC,False
GGTTACCTGCTACGAAAACGA,non-targeting control,GTTACCTGCTACGAAAACGA,GTGATTATTGCATAAACACAATATCGGCCGATATTCATCCCA,False
GGAAGCGATCCGAGAGTGTAT,non-targeting control,GAAGCGATCCGAGAGTGTAT,TTGTGATGTGATTTCTTTGGTAAGGTCTACTTGAAAATCACT,False
GATACCAGATGCGTCCGCTTG,non-targeting control,GTACCAGATGCGTCCGCTTG,ATTCGGCGTAATCTCCTTATGCGTTACCGATAATCGGCACGC,False
GAACGTGCTGACGATGCGGGC,non-targeting control,GACGTGCTGACGATGCGGGC,TAAGTTGTGCTAGACACCTGGCCTGTAAACGCCATCCAAAGG,False
GCGGCACCTGTTAGGCTATTC,non-targeting control,GGGCACCTGTTAGGCTATTC,ACTATGAATGTTCTAGAACTCCATCGAGCTCTCCCGAACTCG,False
GAGGATCGTGTACCGGGGACG,non-targeting control,GGGATCGTGTACCGGGGACG,ACAGCTCGGCTCATGAAATAGCGTAATATTATCTCTGGGGGA,False
GCGACAACGTGCAGGTGTATC,non-targeting control,GGACAACGTGCAGGTGTATC,CGAAGTGCTGACGGGTCGTAGCTACGAAGGTAAAGAGAAAAT,False
GACTCGAAATCACCTATGGTA,non-targeting control,GCTCGAAATCACCTATGGTA,GTGGCATCATCGGTGCTCTCTAATATCGGCAAGGCGCGTAAA,False
GTCTCGTAGCCTAATGCGCCA,non-targeting control,GCTCGTAGCCTAATGCGCCA,ATCGGGGGCACCCTAGATAGAGCTCCGTGCCAATTCTGCAGA,False
GTTATGTGAGCACGCCATTAC,non-targeting control,GTATGTGAGCACGCCATTAC,CTCCTTCGCAATTGAGGCACAAAGGGACGGCCAGTTGGCCTA,False
GCGACGGTAATGCACCTACTA,non-targeting control,GGACGGTAATGCACCTACTA,CTGCACCAACCTCGCGGCCCGGTACATCGCACCCCAGCAGCA,False
GATCTGTGTGACTGCGGTCGG,non-targeting control,GTCTGTGTGACTGCGGTCGG,TACATGGCGCTGGTGCTCTTGGGAATATGATAGGTAAGAGTC,False
GTGGAAAGCGAGCACACCGTC,non-targeting control,GGGAAAGCGAGCACACCGTC,CGAATAAATTCGGGATAATGGTTGAGTGCCCGTTACATAGAT,False
GCAGCGCCGAAACTCTTTCCG,non-targeting control,GAGCGCCGAAACTCTTTCCG,GTTCTAATTCCACTTGGAGCCCGGTCTAGTGCCCTCCGCCAG,False
GTGCCGTTAGCATGCGATCCC,non-targeting control,GGCCGTTAGCATGCGATCCC,GGTAAGCGCTAGATACTGTCGCCTGAACCGTAAGAATTTACG,False
GTCGTAAACACACGACCAAGT,non-targeting control,GCGTAAACACACGACCAAGT,TCGAAATTATTGCCTATAGACCAACTGTGTGGACTAACTCTC,False
GACTACTCCGGCAAATACTCG,non-targeting control,GCTACTCCGGCAAATACTCG,TGGATAAGTTCAGTGAAGTACAACCTTGAGAGGAATACCGGT,False
GGCCCTTCAATGCGTTCCGTA,non-targeting control,GCCCTTCAATGCGTTCCGTA,CCCTCCGATCTACAGGGATAATGTGACTGCCTGACTAGGGGT,False
GCAACACCCCGCGTTATGCTA,non-targeting control,GAACACCCCGCGTTATGCTA,ATTCGTCGAGAATGTCATATCAGTGGTTGTGCCTAGTCGCCC,False
GGCTGATATATACGACAAGCC,non-targeting control,GCTGATATATACGACAAGCC,ATGCATATCGTGTTATAACTCACCCTCTAATCCTTAGTACAC,False
GGGTATTCCGAAGTCCTCCGC,non-targeting control,GGTATTCCGAAGTCCTCCGC,ACGAGGCCATCGCTAGCACAGAGCTCGGTGCACGACTGCCCA,False
GGGTCGCCTGTGCGACATGCT,non-targeting control,GGTCGCCTGTGCGACATGCT,GCACGCAATGTTCCCACTCAGGAGCGGGCGGATGAGTCAGAA,False
GCTAATCACGACCTCACCCTA,non-targeting control,GTAATCACGACCTCACCCTA,CTCCTTCATGAAGACGGGATTAGCAAGCCTTGGGAACATAAG,False
GATCGGTACCTCTTCACATAT,non-targeting control,GTCGGTACCTCTTCACATAT,ACCGACATATGCAACGCACCATAAGTTATGCGGGTCCCGTGT,False
GTTGCGTCAGCGCTGCACATC,non-targeting control,GTGCGTCAGCGCTGCACATC,GCAAGCTAATAGTTCTGCGAAGAGTAATTCAGATACTCGTTA,False
GCGGTGTGCCCCCAAATATTG,non-targeting control,GGGTGTGCCCCCAAATATTG,AATACGTGAGATCATATGCCTTCGGTTGCAGTCGAGATATCG,False
GCGTGCGGTAAATACGAAATA,non-targeting control,GGTGCGGTAAATACGAAATA,TATCCGCGACGATCCAACGCCACGCAGGCCGTGCGTTCGCTT,False
GTGTGCACAAGTCGCAACGAA,non-targeting control,GGTGCACAAGTCGCAACGAA,AATCCTTGGTCGATATTGGGTCCATGACCCACGATGTGGTAG,False
GCTCGGCCCACTTGCGTTATA,non-targeting control,GTCGGCCCACTTGCGTTATA,CGCCTCGGAACTCTACCAACGACCAACATCTCGAGTCAGTTA,False
GTATACTGCGGATCAATCTGA,non-targeting control,GATACTGCGGATCAATCTGA,TGGTATTGGATTGATTATCGTGCCGGCCTCACGAGGTGCAAG,False
GAAAGCGACGTAGGCATACTT,non-targeting control,GAAGCGACGTAGGCATACTT,CGGAACAACACACGTAGGCGGAATGAAATATAGGCATACCGG,False
GACGATCGGTAATGGTCTGTT,non-targeting control,GCGATCGGTAATGGTCTGTT,TTATTACCTCAAAATAATAAGTGGATACAAGGGCGACACGCT,False
GGGGCCTACGATCAGAGGTGT,non-targeting control,GGGCCTACGATCAGAGGTGT,ACTGCGCAGAGCTCCTCGCGGGCCGTTCAGTACGGTCGCTCG,False
GCGCAGTCATTCGATAGGAAT,non-targeting control,GGCAGTCATTCGATAGGAAT,TGGACTTGTGGAAAAAGTTCATCCCCGGAAGTAGTACGCAGA,False
GGGCGATTCGGGTGGAGGTCG,non-targeting control,GGCGATTCGGGTGGAGGTCG,CTGATGCCGCACGAGCGCAATACACTGTAAGTTGATTCATGG,False
GAGTTGAATGGACCTCGACTA,non-targeting control,GGTTGAATGGACCTCGACTA,CAGATTGACCACTAGAATGACTCTACGTCGCACGGGACAAAC,False
GGAGTAATTTCGAACGTATTG,non-targeting control,GAGTAATTTCGAACGTATTG,CTTGGAACGAATCTTTCTCGCTTAAATACCAAAATACTGATT,False
GTTCCACGGTAAAATCGGTCA,non-targeting control,GTCCACGGTAAAATCGGTCA,ACTGAGCTCTGCAAGAGGTTTATCACTTCAAGGCCGAACCGC,False
GACTGTTGCCGCGCCAACTGC,non-targeting control,GCTGTTGCCGCGCCAACTGC,CGAGAGTCCACACGTCCCGTAATCAGCACCTCTGTAGCGCCC,False
GCCGGCAAGAAACTATACTTG,non-targeting control,GCGGCAAGAAACTATACTTG,TCGCGTGTCCTCCTCTCACGATAGTATGGAGGAGAGGACGTA,False
GTAGTGGGAATGGTCGCGTAG,non-targeting control,GAGTGGGAATGGTCGCGTAG,CCCTCCCAAAAATTAAAGGGCTAGGTTCCCCATTAATTAGGC,False
GCCGCTGTCTCACTAATCTCA,non-targeting control,GCGCTGTCTCACTAATCTCA,GAGTGCCCTCACCTGATTCTTGCTTAGACGACGCCTCTACGA,False
GTGCTACCTTCGGGACCACCA,non-targeting control,GGCTACCTTCGGGACCACCA,AAGTAGCGAATCACCAGGTGGCGAAGAGCACAAATGCTGTAA,False
GCTTAGCTGACCGACAAGGTG,non-targeting control,GTTAGCTGACCGACAAGGTG,CAAACGATACAGACTACATAATATATTGAGCAATTGTATCGG,False
GCTTAAGCTTATCAACATCCG,non-targeting control,GTTAAGCTTATCAACATCCG,GCTTCAGTTTACAGACGGGATCACTTCTGTTCTGCAAAGATC,False
GCCCTTCTGGCGGGCCAAACA,non-targeting control,GCCTTCTGGCGGGCCAAACA,CTCATAGAACCCAGATCTTACTGCTAGAGAACGCATGGAACG,False
GTCTGACGATTAATGCTTCTA,non-targeting control,GCTGACGATTAATGCTTCTA,GTATAATAATCGTAACAGTCACCTGCCCGTTACATTAACGAA,False
GGCGGAATGAACACGAGGTAG,non-targeting control,GCGGAATGAACACGAGGTAG,GGATCTCCAGTCCACATAAGTCGCTGCCTATGCGGATCTTAC,False
GCAGACGGTTGGTAAGGACGC,non-targeting control,GAGACGGTTGGTAAGGACGC,CGCAACTGTACGCACGGACACGGGACAGCAAGCGGTTCAAGC,False
GGGGACTGATATATGGCGAAC,non-targeting control,GGGACTGATATATGGCGAAC,AATCGTAGGAGTATCTGTGCGGTTCATCCTAAGCGTACTAGG,False
GAGAAGACCGAGGCGCTTCAA,non-targeting control,GGAAGACCGAGGCGCTTCAA,ATAAGCGCCCTCCACAGGTCAACGAGAGAGTAAACGATACCG,False
GCAGGTTTGCACGCATAGCTA,non-targeting control,GAGGTTTGCACGCATAGCTA,AAATAACAACTATTATCTGGCTAAGCGTCGGATCCGTTATGT,False
GGGCCGTCGTATTCCCCCAAG,non-targeting control,GGCCGTCGTATTCCCCCAAG,TCATACAACGTGTAGCAGGGTAGTCGTGTTGCGGTCTGTTAA,False
GCTCCCATTGATCTACGATGG,non-targeting control,GTCCCATTGATCTACGATGG,CGATGATGTGTTCATTACTCAATTTCATATCGATGTGCAGAC,False
GTTTCGTGCCGATGTAACACA,non-targeting control,GTTCGTGCCGATGTAACACA,CTACCGCACAAACACCACAAGCCCCGATTTCCGAAGTGGTAT,False
GATCACGTGATCGGATGGTTC,non-targeting control,GTCACGTGATCGGATGGTTC,ATTGACGAGTTCCGCCAATTAGGCTTAAACCAGGCGGCTTTC,False
GGCCTATCGGCATTCCCACTG,non-targeting control,GCCTATCGGCATTCCCACTG,GTCAACAAGTATTAAAGGGAACACAACAACTATTCAGAATTA,False
GCAACGACGGGCCTAGTCTCA,non-targeting control,GAACGACGGGCCTAGTCTCA,TCGAGCCGGACGAACATCTACCCTTTGCTCTAATGGAGGGTT,False
GATATTTCGGCAGTTGCAGCA,non-targeting control,GTATTTCGGCAGTTGCAGCA,CTCGGCGCCTTAAGAGATCCAAACTATCAACTTGACCTCTCC,False
GGATATCCCGCGAAAAAATCT,non-targeting control,GATATCCCGCGAAAAAATCT,CCGGCGGGTCATTGTGCCCGATCGATATTGTTTCTTACGTTT,False
GTCACTTGTCTATACGGGGTA,non-targeting control,GCACTTGTCTATACGGGGTA,GGACGGTATACTCGGAGTCGACATTCTTTGCACGGTCGACGA,False
GATGTTATTACAGACGCGTGT,non-targeting control,GTGTTATTACAGACGCGTGT,GCTTAGAGGGGCTGTTACCAAACGGCCTAGTAGGCGCAGCCA,False
GCGCCTCTCACGTGTAGGCTT,non-targeting control,GGCCTCTCACGTGTAGGCTT,GCGCTAGTTTCGTAGTTAAACAAAAGCGTTTAGCGAGCCAAT,False
GGGGCGCTAAGATATATGCCC,non-targeting control,GGGCGCTAAGATATATGCCC,GTGATAGCGTGCATTTACATCTCCCGGCTCAAAGTTATATAA,False
GCGTCATATACACAAACGCCC,non-targeting control,GGTCATATACACAAACGCCC,TCTGTCGGGCGCTACTCCAATATGGCTACGACACTTGACAAT,False
GCGTTGGGCATAGCGAACACT,non-targeting control,GGTTGGGCATAGCGAACACT,GGTAGGGCGCGCTGGGTGCCAAGCGGTAGTGCAAGCATGAAG,False
GGCGGGGCGGTGACTTTCAAG,non-targeting control,GCGGGGCGGTGACTTTCAAG,TGCGATGGTGCGCCCTCGTGAGTAATGCATAGAACTTAAGTG,False
GAAGGGCGTGCCCTGCGTTGT,non-targeting control,GAGGGCGTGCCCTGCGTTGT,TGCGCCTGAGCTGGAAGGAGGGTGTTCGCCTGCCGTGAGCCG,False
GGCGTTCCCCCACTGACGGGG,non-targeting control,GCGTTCCCCCACTGACGGGG,CAAACCTATGTGGGGCATCGTCTGTGGGTTATAGTGCATCGC,False
GGATCCAGGAGTGATCGAGTA,non-targeting control,GATCCAGGAGTGATCGAGTA,CGTATGATTTCGCCCTATCTCACTCATGTTTGAGATGTGGTT,False
GAGCATTTGCGCGGCAACTGT,non-targeting control,GGCATTTGCGCGGCAACTGT,ATGGATAGCCGTCACGGGTTATAAGCACCTTAAGACACACAG,False
GGTCCTCATCCGGTCAGGCTG,non-targeting control,GTCCTCATCCGGTCAGGCTG,GCAATGGGGACGAAGTCACGAGATACGCAGGAGAGGAAAGAG,False
GCGTGGTAGGGGTTTCCTCAA,non-targeting control,GGTGGTAGGGGTTTCCTCAA,GCAGGGGATCCGTGGCCAGAATCAATATTACACTCCTGCACA,False
GCCATCACCGATCGTGAGCCT,non-targeting control,GCATCACCGATCGTGAGCCT,AGTAGTGACGTTTCATCTCATCAGGACACACTGTCAGGAAAT,False
GTGAATCGTAACCTCGCCATT,non-targeting control,GGAATCGTAACCTCGCCATT,ATGATCAGTTCCGCCGAACGGCGCCAGACGACCATTGAGTAA,False
GAAGAAGGGCCGTACCCGAAA,non-targeting control,GAGAAGGGCCGTACCCGAAA,TGAAGGACCCGTATTGGTTTACCCGTGTATGCTCGCTTGACG,False
GCGTGTTTGGAATTTGCCGCG,non-targeting control,GGTGTTTGGAATTTGCCGCG,ATAACTTTGCCTAAGAAGATAACTCTCGCGGGTAGGGTCTTC,False
GCAAGTGAGCATAAGCGATGT,non-targeting control,GAAGTGAGCATAAGCGATGT,AGCCAGAGTGTCTGATGTTTAACACCTAGACATCCGCTGGCT,False
GAGGACTAGTGTCGCACTCAG,non-targeting control,GGGACTAGTGTCGCACTCAG,GACGTCAAACTATCGAAACCGAAGACTGCACCTTCTCACAGG,False
GGGCACTCCGAAAGACCTTAT,non-targeting control,GGCACTCCGAAAGACCTTAT,CCGGTTATTAAAGGCGCCGGGTGATGATCCGTCCAGTAATGA,False
GCCCAGGTGTATAATGAAACG,non-targeting control,GCCAGGTGTATAATGAAACG,CGCTATGAAATTAGCACTCTCATCGGACAAAGGCCAGCCTCA,False
GGACCGCAAAGTGGTCCGAAG,non-targeting control,GACCGCAAAGTGGTCCGAAG,GTCGCACGGCACCATCATTAGTGTCACATGACCGGTAGCCTT,False
GGTTGCGAGTTACTATTGGTT,non-targeting control,GTTGCGAGTTACTATTGGTT,ACGACTAATCCACCGATCAGAATCCGCGACAGCTGTCTCTGT,False
GTCTAAAGCCGTCCTGATGTT,non-targeting control,GCTAAAGCCGTCCTGATGTT,TTGTCAAACAGAAGTCTGGGCAGGAGTGGTCAGGGGGTCTAA,False
GGCCGTGGTATCAAGTCGGTA,non-targeting control,GCCGTGGTATCAAGTCGGTA,TGTATATAGCGAGGCTAGAACAGGCTAGCGTGAAGGTCATTA,False
GCGCAATCCCTTAGGATAGCC,non-targeting control,GGCAATCCCTTAGGATAGCC,CTCCCATTGTAGACGAGGAGGTTTGTCGGTCATACATGAACA,False
GATAGGCACCTTAAGGGTCTC,non-targeting control,GTAGGCACCTTAAGGGTCTC,AGTCAAATATATTACAACATCTGAACAGCAAGCTCGAGGGCC,False
GTTTGGGTTTATCCGCCCCCA,non-targeting control,GTTGGGTTTATCCGCCCCCA,CAACGCCAGGCCATATGGTAGGCCGACTGCAGAGTCATGAAT,False
GCTCGGGACTAACGTGAGAGC,non-targeting control,GTCGGGACTAACGTGAGAGC,GGACGTAGAATTAGGTGTGAAGGGCTGCCATTACACTAGTGG,False
GCCCCGTAGCTCATTAGTCTG,non-targeting control,GCCCGTAGCTCATTAGTCTG,CGAATTGGGAAAAGAACCAACGGCAGCTTTGAACAAGTTGTT,False
GGACGCCCTAATGCCCATCGT,non-targeting control,GACGCCCTAATGCCCATCGT,AACCACTAAACTCTCCGCTATGCGTGGGCACTACTACCCCAC,False
GGGATATTGAGTAAACCCGAT,non-targeting control,GGATATTGAGTAAACCCGAT,TTCATTAAACCCTGGCTAGCAGGAGGCGGTTTGTAAGAGTTT,False
GTGACTCGGGCAATATCGGTT,non-targeting control,GGACTCGGGCAATATCGGTT,TATAACGGATCTCGAAGTTCACTCGGATGTGGAGCGCTAGGG,False
GGATCTAGTCCTCTAATCGAT,non-targeting control,GATCTAGTCCTCTAATCGAT,TTGGTGCTGAAATGTTATAGCAACGTCTTTCGGAAGTAATCA,False
GCATAAGGTTAACTGCGTGGA,non-targeting control,GATAAGGTTAACTGCGTGGA,TCGTATGTCGTAAGTTACCCCGTTAAACCTCGGATAGCATAA,False
GGGTACCTGAACAACGGCACC,non-targeting control,GGTACCTGAACAACGGCACC,GGCGCGTTCAAGATGCTTGGTCACCTGAGATTTACCCGACCA,False
GTGGCGGCCCAAACTTAACAC,non-targeting control,GGGCGGCCCAAACTTAACAC,AAAGGCGGGTATATGTACTCGCGCTCATATACGCGGGGTCCT,False
GGGGCGGTCAGGTCGCTCCGA,non-targeting control,GGGCGGTCAGGTCGCTCCGA,GTCATTAGATGCACTTGTTTCGCTGATGAACTATTTACAAGT,False
GTCCGGAGGCTCAAACCAAGT,non-targeting control,GCCGGAGGCTCAAACCAAGT,CCGTGGGCTTGTAGGCATCGAGGGGGGTAGGCGTGTTGACGG,False
GGCTTGCTATATGGGTGCGAG,non-targeting control,GCTTGCTATATGGGTGCGAG,ATGCGCGCCGAGACATCCCTAGGGTATTTATCGTCAGTAGAA,False
GTCGGCTACGGCGTGGAGAAG,non-targeting control,GCGGCTACGGCGTGGAGAAG,ACAATGACGGATGTCCAGCGTACCACCCCCGCCAGCGGGTTG,False
GCCCGTGGCGTGCGCACCTGT,non-targeting control,GCCGTGGCGTGCGCACCTGT,GCCGGGAAGTGACCACACCGGGGACGCTAATCGCTAAACAGA,False
GGGCTGGTTGACGACTCCTGA,non-targeting control,GGCTGGTTGACGACTCCTGA,AGGTAGTGGCCTTGCTATACCAAAAGCAGAGGAAGTATACAG,False
GGGTGCGGTCTGCTTGTAGAT,non-targeting control,GGTGCGGTCTGCTTGTAGAT,TCGTCCACGCACGCGTGGTGTAGCCCCCGATCTCATGATCGC,False
GTGCCTATGACCTAGGTACCA,non-targeting control,GGCCTATGACCTAGGTACCA,ATGATTTGATTGCCCATGACTGTTGGTTCTTTCGCGCGGGCT,False
GGACAGATCACGTATCAGGGC,non-targeting control,GACAGATCACGTATCAGGGC,TCGAGCGCTGCGTAATGGAGTTGACTATAACTGTGGATTTCA,False
GGAGGTATGTCATCGCCATGA,non-targeting control,GAGGTATGTCATCGCCATGA,TAACCAAGCCTAGGTCAGCGCATCGATAACGGGCGAAGGTAC,False
GGCCATTCTAGTCCCGGCATA,non-targeting control,GCCATTCTAGTCCCGGCATA,GTCGAACGCTCAAATCGGTGAGGATGAGTTCCAAAGTCGGTA,False
GGTTACGTACCCTCCAACTTC,non-targeting control,GTTACGTACCCTCCAACTTC,CTTACACGTTCTTCCCGTAAAGTAGCATCGGCCTTCGAGCCG,False
GCCAATGATAAGCCCGAACGG,non-targeting control,GCAATGATAAGCCCGAACGG,CCGTATGTTGTTCAGCCAGAAAAGGCTAGGAGGTCATCCTGG,False
GGCCAACAAGAATCGGATCCC,non-targeting control,GCCAACAAGAATCGGATCCC,ACGACCGAGGTCTTGACCGCACGATATCCGGCTTCATTGGAC,False
GACTTACGGCACTCGCATGCC,non-targeting control,GCTTACGGCACTCGCATGCC,CGTTCGCGACTTAGAACCTATTGCCCCTTGTCCCAAAGCGTC,False
GGTATCCCATATCGGCACAGG,non-targeting control,GTATCCCATATCGGCACAGG,CACGAATCCCCCTACTAATACTTGGCTGAACCGGGCTAGCAC,False
GATGCTGCAGCTTTACGATCA,non-targeting control,GTGCTGCAGCTTTACGATCA,TTGACGAGCCTCCCGCAGGTCACTAGCTGACGAAGCATTACA,False
GGAGTGATGCTTAGACTCCGT,non-targeting control,GAGTGATGCTTAGACTCCGT,TGGTAGCAGGCATCGAGATCTGTTGCATTCAAGGGGATAAAA,False
GAGGTCGGCCGAACATACGGT,non-targeting control,GGGTCGGCCGAACATACGGT,ACCCTCTAGATTCTTGCAAACTCTTGGCGATACTGTTGCTAC,False
GATTGCGCAATCCTTAGGATA,non-targeting control,GTTGCGCAATCCTTAGGATA,AGATAAGACTCATGCAAAAATTAAGCGAAACGTGAGCCCTGC,False
GGAAGCGGGACCGTGTCTCAC,non-targeting control,GAAGCGGGACCGTGTCTCAC,CACTCCCGGCTATGGAATCCACTAAGGCCTTTGTCCCCGGCG,False
GGTGTATGATGCTTCGACTTA,non-targeting control,GTGTATGATGCTTCGACTTA,GGGCAGAGGGTAGGGTATCGATAACCTATCTTCTTCAGCCTA,False
GCCTACTCCCGTGTGTTATCC,non-targeting control,GCTACTCCCGTGTGTTATCC,CGTCTACAGGAATCATGGAATGAGTGTATCAAATGATTCCCA,False
GGCTGTTGTAACGGTAGATAT,non-targeting control,GCTGTTGTAACGGTAGATAT,CGGCTGATCCTGCATAGAGTAACGCAGGTGAAGTATTCGTCA,False
GCGCACGACCATTGCTGCTGC,non-targeting control,GGCACGACCATTGCTGCTGC,AACCTCGAACTTAGATGATCGGAGAAGCCTTAGCCCCGATTG,False
GCATTGCACGCCACAGCATTG,non-targeting control,GATTGCACGCCACAGCATTG,TCCATTACTGATAGGTCTACAGTCATGCAGCTGTGGCCAAGC,False
GCGATGCCCGTCTATGGCCCG,non-targeting control,GGATGCCCGTCTATGGCCCG,AACAACATCTGTGCTTACGTAGGCCCGGCCCGTATCAGTTGC,False
GCCAGCAATACCCCGGTATGG,non-targeting control,GCAGCAATACCCCGGTATGG,ATGCGCGGGGAGCCAGCAATTTCGGGAAGAAATCCATGTCCA,False
GTCGAGATGCGCAGCAGATGA,non-targeting control,GCGAGATGCGCAGCAGATGA,TCGCCTTAATCTAGTGACCATTGAGCCTTGTGTCCTAAAAGT,False
GCCATAGCTCTAGCGATAAAC,non-targeting control,GCATAGCTCTAGCGATAAAC,GCTAATACAGGGGCTGCGCGCCAGGACATAAAAGGGGCCCTG,False
GCGGGTCTCCAAAGATCGCTT,non-targeting control,GGGGTCTCCAAAGATCGCTT,AATGATTAGACGTCAAAATCAGGTCCCGGAGTCCAAGAGGGG,False
GGGTCCGCGCACAAGAGCAGG,non-targeting control,GGTCCGCGCACAAGAGCAGG,CGGCAGATGTAGCTGAGGCACATGCCCCGCCTCCCACCGGTT,False
GCAACCGGCGGGCCCCTACAA,non-targeting control,GAACCGGCGGGCCCCTACAA,GCTGAGTCGGGACATTCTTAGTTCTGTTGGATTTCGATACTC,False
GTCCTCGATAGCTGGAATCCA,non-targeting control,GCCTCGATAGCTGGAATCCA,AACACGAGAGCACCTGATTTAGGGGACGTCCCCACGAACGAC,False
GCTCGCACCATTGAGGGTAGT,non-targeting control,GTCGCACCATTGAGGGTAGT,TGGGGCTGGTGGTGCAGCATATGCTAATTAGGTAGCCTAGTC,False
GTCGGGGACCACCCACGATCC,non-targeting control,GCGGGGACCACCCACGATCC,TGACATGCTGTCGACGCCAGAACCTCTTCCAAGGTGACGGGC,False
GCCTGCGGTGCACGGCTAGCC,non-targeting control,GCTGCGGTGCACGGCTAGCC,GGTCTAGGGCTCACGAGCGCATAATCAACGTACCTGGATTGG,False
GACCGCTCATATAGGTAAAAA,non-targeting control,GCCGCTCATATAGGTAAAAA,CAGCGAGGGCAGGATTAATCGTAGGTGCGTACCTGTTACCCC,False
GAGTATTGTGGTGTCGTCAAC,non-targeting control,GGTATTGTGGTGTCGTCAAC,TGAGTCGAGCGGTCTGGCGCCGTTCTCGAGGCCGATACTTAC,False
GTGACGCTCCACGTCCGGACC,non-targeting control,GGACGCTCCACGTCCGGACC,CTAAGTATTCCGGTTCTGGCCTACTGACGCACAGGAAGCTTT,False
GGCTCGCAAGTATTTAAGGAC,non-targeting control,GCTCGCAAGTATTTAAGGAC,TCCCCGTATAATATAAGGACTTTCCTTTCATAGCTGTTGGAG,False
GGCCAGGGTTCTTGGTCCCGA,non-targeting control,GCCAGGGTTCTTGGTCCCGA,ACCATAAGCGAAGTCACACCTACATGTCTGTCCACCAATTAC,False
GGTCGCTGCGCCAGTGAGAAC,non-targeting control,GTCGCTGCGCCAGTGAGAAC,AGGAGACAGTTAGTTTAGCTGTAGCCAGTCTGTTTAGTCTCC,False
GCCCGCTAACAGCCTAGATCA,non-targeting control,GCCGCTAACAGCCTAGATCA,CCAGTAGACGTGCCTATCACTGTTTAACCGAAATTCACAGAT,False
GCAGGCTGCGCTTCGCAAGCT,non-targeting control,GAGGCTGCGCTTCGCAAGCT,TCCCTGTACTGTGCCTTCACGGGTCAAGTTAATCCTCTCATC,False
GGCCTAGTCTCGGTAAGAGTG,non-targeting control,GCCTAGTCTCGGTAAGAGTG,AACAAAGGTAGTCGGTGGACGTGACTGGCTCGGCAAAACACT,False
GAAATTGGCTTTCGTTCGTGC,non-targeting control,GAATTGGCTTTCGTTCGTGC,TTAGAGTCAAAAACGAAAGGATGGTCCTTAGAACTCCTCACC,False
GTCACCTCCGAACGAACACCT,non-targeting control,GCACCTCCGAACGAACACCT,GGGTAAGCCGGATACCAGGCTATCTGGTTCTGAGCATGCGTA,False
GGGAGATGCGGCCTTCTCAAA,non-targeting control,GGAGATGCGGCCTTCTCAAA,CAGTCTCGGCGTCCTGTCTCCCTACACGCTTGACGCCATGGT,False
GCTTAGGATTCCGAGGTATCT,non-targeting control,GTTAGGATTCCGAGGTATCT,CACCCATGGACCACGCTAGTCTTTGTTCTGCTTGTGCGACAG,False
GCCTGTCGCTATCGTTAGAGA,non-targeting control,GCTGTCGCTATCGTTAGAGA,CGGTAACCTTCCCTCGAGGCTAAGTGATATACAGTAGTACGG,False
GATAGCAGGACGAGGTTCCTT,non-targeting control,GTAGCAGGACGAGGTTCCTT,GGCATCTCCCCTGCGTACCAGTTATACATCGCGGAAGCCCTG,False
GGGCGTCAAAATTAGAAGCCG,non-targeting control,GGCGTCAAAATTAGAAGCCG,CTAGGGATCACTTGATCTTGATAAACCCGACTATTTATAGTG,False
GTCGGCTACAATCTTTGGCAT,non-targeting control,GCGGCTACAATCTTTGGCAT,CAGTCGAAGGCAGATAATTATTCATGGCAGACGCTATGTGAA,False
GGCACGCTGTACAGACGACAA,non-targeting control,GCACGCTGTACAGACGACAA,GAGTGTACGCTAACTACTTACTACCAGCACTAGCGCCTTCCC,False
GGAGAGCGTTAGCGTGGGATG,non-targeting control,GAGAGCGTTAGCGTGGGATG,TTCGAGTATCATCGGGGGGTAGCACGTCGAGGGAAATGGCTC,False
GTTCAATTCACCGAGGGCGCA,non-targeting control,GTCAATTCACCGAGGGCGCA,CCTTTGTTGCAAGATCTTGGGATATCTCGACCAGTCCATCTG,False
GTTCGTGGTAGGTATAACTAT,non-targeting control,GTCGTGGTAGGTATAACTAT,ACGGTTTCTTAGAGAACACTGGCCGACCCTGGGATTACAGGA,False
GCGCTAAATTGTCACACGTTT,non-targeting control,GGCTAAATTGTCACACGTTT,GAGCCGGCAGGAGGGTTCACTAGTCTCACAGCATTCTCATGT,False
GGTTTCTCTTGAACCCCGCGA,non-targeting control,GTTTCTCTTGAACCCCGCGA,GCCCAGGTTGTGTCGCCCGACACAAATTGTCGCGATACTGGA,False
GATGTCTAGACCTAATCGTTT,non-targeting control,GTGTCTAGACCTAATCGTTT,CTCAATATGACCGCTGACAAGACAGAGTGATAATCTCTGCGC,False
GATTCATGCGCCGCCTCCTCT,non-targeting control,GTTCATGCGCCGCCTCCTCT,CGACGACAGACCGCGGCCGTTCTCTACGTATTAGACGACGAA,False
GCACCCGGAACCACTACTGAG,non-targeting control,GACCCGGAACCACTACTGAG,GGGGGTGATAGGTGGGCTGAATCGATCTAGAGCCTCGCAGTG,False
GGCTGAACGCCGACAGGACGG,non-targeting control,GCTGAACGCCGACAGGACGG,ATTGTTGTACTTAACTGCCACCCGGCGAAGGACCGTCTTGTG,False
GGGGATGCGTCTTGCTAAACC,non-targeting control,GGGATGCGTCTTGCTAAACC,TTAGTAAATTCATGGTCGGTCGCTAAGCACGCTGCACTACCA,False
GATCGTTGCTGACAGGATCTA,non-targeting control,GTCGTTGCTGACAGGATCTA,AGACAAAAAGCGTAGAGACTAGCGTAGAGCGGCAGCATGGCA,False
GCCCTACCTATCCGGTGCTTT,non-targeting control,GCCTACCTATCCGGTGCTTT,TCGAGAACCTCTAGTTTGATTACAGCTCTGTATTTAGGACTA,False
GGTTATCCTGTCGAAGTAAAG,non-targeting control,GTTATCCTGTCGAAGTAAAG,CTCTTATGGCTTCAGCCGCATGTTTAGTTAGCATCTCGGCAA,False
GCAGCGGTGCTATTTGGTCTT,non-targeting control,GAGCGGTGCTATTTGGTCTT,GGCCGAGGTACCGTAACTGCATTCCCTTGCGCGCACTCTCTG,False
GCTGCGTGTCTTGCTCGCATG,non-targeting control,GTGCGTGTCTTGCTCGCATG,GAAACAGACCGTAAATGCCATGCATAATACAGTAATTCACCC,False
GCCTAGTTCATAAGCTACGCC,non-targeting control,GCTAGTTCATAAGCTACGCC,TTATGCGAGCGGTGGAATGAGTCGCAAATGCATTCGCCACCC,False
GTGTCTTCGGATAGGCGGCTT,non-targeting control,GGTCTTCGGATAGGCGGCTT,GTAATGGCCTGGCAGAAGTACTTCACGTGTGTCTGCCCATAC,False
GGTAGGGTACAGCGTCAGCTT,non-targeting control,GTAGGGTACAGCGTCAGCTT,CTTGATAGTCGTCTAGGACGGAGGACACGAAGAGTTAACATC,False
GGAAATGCTATGCTTCGGTTC,non-targeting control,GAAATGCTATGCTTCGGTTC,GGCTGAGGCCGCCGGAGATCATGCCACAATTAGGCCGTAGGA,False
GTCAACCCCAGCGCACCGTTG,non-targeting control,GCAACCCCAGCGCACCGTTG,GACGGGTTTCTACCACTTGTTTGGGCTAGCCGGAAGGTTCAC,False
GAATGCGAGTGTATCCGCAGT,non-targeting control,GATGCGAGTGTATCCGCAGT,AGCTTCTTTAGTGCCCACGTTGGTAAGTCGAATACGGCGCCA,False
GTTTATGCATTTAATACGCCG,non-targeting control,GTTATGCATTTAATACGCCG,ATAACAGGATGCACCTTACGACATGTTTGCTTAGTAGCGCTG,False
GGCCCCGTAAATCTCATTACA,non-targeting control,GCCCCGTAAATCTCATTACA,GTCTCCCGGAGCCGATGGCTGTGTGAGAGAACGGTTTAGGAC,False
GTCCGTCTGCTTCATGAGCGG,non-targeting control,GCCGTCTGCTTCATGAGCGG,AGTTAGGCCTTGGACGGGGTTAGACATTGAGACTCGCTCAGT,False
GCTCGGAATACTCCTATTACA,non-targeting control,GTCGGAATACTCCTATTACA,AACCTGAATGAATCCACGCTTTGTACGACAAAAATCCATAGC,False
GCTAACGGACTGCAGAACGGA,non-targeting control,GTAACGGACTGCAGAACGGA,ACCTCCTCGCGCACTTGTAGCAGACCGCTTCCGGGACAAATC,False
GACAAAGATCGCATGGCATAC,non-targeting control,GCAAAGATCGCATGGCATAC,GCTCAGCCATACGGGACTAGTGATAGCCAGTCTAGTAGAGAA,False
GCATGGCCTACGGTGTCTTTG,non-targeting control,GATGGCCTACGGTGTCTTTG,AACCGCGTTTCCACGCGTCGTGGGTGGCTATAGATGGTCTAC,False
GCTGGCCGAATCTCACTATGT,non-targeting control,GTGGCCGAATCTCACTATGT,ACATACGCATGCTGTGCCCGCTGGTCGGTTCAACACCAATAC,False
GGGGGCTTACGTGAAGGGCGG,non-targeting control,GGGGCTTACGTGAAGGGCGG,CGTTTAGTAAAGTAGTGAGGAGTATCCGAGACACCTTACGCG,False
GACACCCATTCTCATAACGGA,non-targeting control,GCACCCATTCTCATAACGGA,TAGAATTTCGATTGCCAGCTTTGCTGCCTGAGTTTGGCAGCC,False
GGGCCACGAAGGGCGAAAAGG,non-targeting control,GGCCACGAAGGGCGAAAAGG,TGTGAGGGGACCACCGAGGCCCCGTATGCTGCGGTTAATTTC,False
GTAACCGATACTCCCCACATT,non-targeting control,GAACCGATACTCCCCACATT,GCTTGGTGGCCTATCCGGACGGCCCAGAAATGCGTTCCCACT,False
GGCACATCGTTATATACCAGA,non-targeting control,GCACATCGTTATATACCAGA,TTGGGTTCATGCAGAGTCTGGCGCGCTTCCGCGACCCATTAA,False
GCGAGCAAAGATTGTTGGATA,non-targeting control,GGAGCAAAGATTGTTGGATA,CCGTACAGAGAAATGGCTGGCCGTTCAAATTTCCCCATGCCT,False
GGCCACACGAATCATAAAGAG,non-targeting control,GCCACACGAATCATAAAGAG,GACAATGACCCCGTTGACTTCGTACTGACGGGCTCAGGAAAA,False
GGAGAGTGCGCCTTGATAGTA,non-targeting control,GAGAGTGCGCCTTGATAGTA,AGGTAGGTACTTCAATTTGAAGAGAGTTCATTCGGAGACCGC,False
GGGATTTGTCGCTTGCCACAC,non-targeting control,GGATTTGTCGCTTGCCACAC,AGAACAAGATAAAAATGTACAAGGCTACCCCATAGCCTTCGG,False
GGGCTTACGTGGGGGGCAAAA,non-targeting control,GGCTTACGTGGGGGGCAAAA,GGCAGGCGCCCTTTGGTAACCTCCTAACATCTGGACCGAGGC,False
GCGTTGTAGGGTCTTTCTTGA,non-targeting control,GGTTGTAGGGTCTTTCTTGA,CGCCCCATGCTTGGCAGTGCATCAGCTCTCAAGGACCGGATG,False
GATTGCTCTGTCGCATCAATC,non-targeting control,GTTGCTCTGTCGCATCAATC,CGGATTGCGTTAAAGCGCCCCCCGTACAGAAAGGATGCAGTA,False
GCTCAGTGGATACGATTTGCT,non-targeting control,GTCAGTGGATACGATTTGCT,AAAAGTGTTTGAAACGGGGGTTATTCATGTGGTGGAGGAATC,False
GACTACTGGCTATCCGCGCCA,non-targeting control,GCTACTGGCTATCCGCGCCA,ATTCTGACATACTTTAGAGTGATCATACCCCTATCAGATCTT,False
GACCCAATGTGGCGGAGCCGA,non-targeting control,GCCCAATGTGGCGGAGCCGA,GATCGTCCAGACAAAAGTCATGCGCCTGCGATCGGAGTAATG,False
GACCTATAATCGACCACATTT,non-targeting control,GCCTATAATCGACCACATTT,GCAGCTCTGCGTAAGGTCTATTTCGTTCTAGTATCCGGCTAG,False
GTAGGAGCTGTATCTAGTGGC,non-targeting control,GAGGAGCTGTATCTAGTGGC,CCAAGTACACAATGCAGGCGCAAAGGCTTCGGGGCGAGCTCC,False
GCCAATCTTGAACGTCATGTT,non-targeting control,GCAATCTTGAACGTCATGTT,TAATTAGTGCCTTATTGCAGAGAACATCGAACTTCCCTAAGC,False
GACCCATATATGCTGCCGCAC,non-targeting control,GCCCATATATGCTGCCGCAC,GGGCGGTTATGTCGAATCAGCAGTATCCTTGGAGCCAGCGGC,False
GGCCAGGGTATGGGCATCTCG,non-targeting control,GCCAGGGTATGGGCATCTCG,CGTCAGCAAGTTCAACAGTAACTTGCCGAAACCAAGGGTTGG,False
GCATAGGTCCCTAGCAACTCC,non-targeting control,GATAGGTCCCTAGCAACTCC,AAAGAGCTCGTGGGGTCTGGTTGAGTAGGCACAGGTAGCATC,False
GATACGCATGATTGCAAGAGG,non-targeting control,GTACGCATGATTGCAAGAGG,GTGATTTGTCACCATGGATGCAGGGTAGTGGCATCATACAGT,False
GTTCGTAGGAACTAAACTGTA,non-targeting control,GTCGTAGGAACTAAACTGTA,CATGGGCGGACGACGAACCGATTGCGCCAGGGGTGAAAGAGA,False
GTTTGGTCAACGCATAGCTTG,non-targeting control,GTTGGTCAACGCATAGCTTG,TAATGCTATCCACACTGACGGTACGAACTCTTGATGCCGCCC,False
GCGGTGCTGTGAAAGCCGAGC,non-targeting control,GGGTGCTGTGAAAGCCGAGC,ATGAACCCTCATCTAGACGCTGCCTAACGTTCCCGATGGCAC,False
GGGCCCTCTAGAAAAGTCTCG,non-targeting control,GGCCCTCTAGAAAAGTCTCG,CACGAATAGAGTTCTACGAGTCTTACGCCAGGGAGGCTATAA,False
GACGGTTATGGTCTCATGGGG,non-targeting control,GCGGTTATGGTCTCATGGGG,GCGTAAGGCCGCACCGCTGATGTAGGATCGGGAGATAGCAAA,False
GAACTAGAATAGGCGGGCTTG,non-targeting control,GACTAGAATAGGCGGGCTTG,CTGGCCATGACCACCTCGGATCCGCATGTGGCAATCTATACA,False
GTAATCACATTGCTTAACCGG,non-targeting control,GAATCACATTGCTTAACCGG,ATTAATCAACTAAGTCAAACCATTCGCTCGGCGTCGCGCGTT,False
GACTGCTCCCGGTCGCCCCTC,non-targeting control,GCTGCTCCCGGTCGCCCCTC,GTTCATCAGTGCTGCCACTGTTACAATGGAGATACTTAATAG,False
GCGCCCGTTTATGTGGCTACC,non-targeting control,GGCCCGTTTATGTGGCTACC,TCCGTATTTACCGAGGGGTAGGATACGGAACCAACTGGAATT,False
GGAGTACAGCGATTCCTCATG,non-targeting control,GAGTACAGCGATTCCTCATG,AGGTTTGATCGTTTATGGACTTCAATCTGATCTTCCTGAGGG,False
GTTTCTAGTTACTACTGGACG,non-targeting control,GTTCTAGTTACTACTGGACG,AATAAACCGCGCCGCACTAAAAACCCGCCTGGACCGAATCCT,False
GTGCCGCTATACTAAAACCTT,non-targeting control,GGCCGCTATACTAAAACCTT,AGGTGTTCAATTCAAGCCTAACGCGGCTGTGACCGAAGCCTG,False
GGTTTACTCATATCCAGTCAC,non-targeting control,GTTTACTCATATCCAGTCAC,AGGACTCAGCGACGGTTCAAGGTAGCACGTGCCTCGACGCTC,False
GTCGGCTCCTGAAGCCAGTAT,non-targeting control,GCGGCTCCTGAAGCCAGTAT,AGTAAAAGCGTTCCCCGACGGATAGGTATTTACAAGCTACCT,False
GTCGATGTAGCCCCGCCCAAG,non-targeting control,GCGATGTAGCCCCGCCCAAG,TACTGTCTTTAGGTCCGGCATACGGCCGAGGCCGCACAACCT,False
GAGACCCCGTAGGCAGGACGT,non-targeting control,GGACCCCGTAGGCAGGACGT,ACGACTAAATTTCCCAAGCTTCACAACGTTACCAGTCGCCGA,False
GTATACCAGACCACAGCGCCG,non-targeting control,GATACCAGACCACAGCGCCG,GATAATGCGGGCCATCGTTAACAGGTCCTACCAATTACGGGT,False
GCGTGCCTTTACATTCACTTT,non-targeting control,GGTGCCTTTACATTCACTTT,CAATCTGCGATGCCAGGGACAGATCCGTACGGGCTTTATCAA,False
GGCTGTTCCGAAGTTGAGAAT,non-targeting control,GCTGTTCCGAAGTTGAGAAT,ACACGAGTACCTTGACCGTAGCTCAACCCTGCGATCAGCGTG,False
GGCTTAAGTCACGGCTTTCCA,non-targeting control,GCTTAAGTCACGGCTTTCCA,CTCGGGAGCCGCCGAACCAGGCAGACCTAAGTTCTTCAGTAA,False
GACTAGAGTCATGATCAGCGA,non-targeting control,GCTAGAGTCATGATCAGCGA,CATGGCCTAATATAACTCAACCACAGCCATTTGTACATTCAA,False
GCTGCCCCAGGCGTAATCCTC,non-targeting control,GTGCCCCAGGCGTAATCCTC,GCTCACTCGGTCGTCCATTATAGTGAATGCGTTGGGCATAGC,False
GGCTTCGCTGGCAGGACCTCA,non-targeting control,GCTTCGCTGGCAGGACCTCA,CGGAAATTTCCACAGCTTGGATATAGTCCGCACCACGGAGGA,False
GAGTCTTGGCCAATGTCACGG,non-targeting control,GGTCTTGGCCAATGTCACGG,CGCTCAGGGAATCTTGCCTATGGCTTGGTGAAGATGTTAAGT,False
GCCCGGACGTCAAAGCTGGAT,non-targeting control,GCCGGACGTCAAAGCTGGAT,GCCCGTGATGATGGAGAAAGCGTTACACACAATCTCAACAGG,False
GGGTCTCACCTGCACCCCGAA,non-targeting control,GGTCTCACCTGCACCCCGAA,ATATTAGAACCGCCAAGATTTCTCATAGCGTGAGCCTTAGGG,False
GGGTAGACGGGGCATCTCAGC,non-targeting control,GGTAGACGGGGCATCTCAGC,CGCAGTAGCTTAGGCCCAGATACCATGGCATCGATGGAATCC,False
GATGTAACGAGTTGTAAGTCA,non-targeting control,GTGTAACGAGTTGTAAGTCA,TCTTCTAACGGAATCACGTGGACGGACCAGGTGCTTGTGCCG,False
GTAGTCAACATTCGCAAGAGG,non-targeting control,GAGTCAACATTCGCAAGAGG,CTATCTGATCCGCTCAAGTTGAGCATGATTCTACTGTAGCCA,False
GTTTACGAAGTATACCAGGTC,non-targeting control,GTTACGAAGTATACCAGGTC,TTGATATAAGCGGCTGCTCTTTAGTATTCTTAGGCTATGCTC,False
GGTAGCTGCTGTAAATCGCAT,non-targeting control,GTAGCTGCTGTAAATCGCAT,TCCTTACATGAACTGATAAGGACAGGATTGCTTGGGATGCAA,False
GCGAAACCTCCTAACTGAGAG,non-targeting control,GGAAACCTCCTAACTGAGAG,GTCCCTAGTTTGGATGTTTGCGTGACAGCCCAGCGCGGGCTT,False
GATAAGCCACACTACCCGCCT,non-targeting control,GTAAGCCACACTACCCGCCT,ACCGGGGTCAATGCTCGCCCCAGGATTTCGTGATATCCGGTT,False
GCTTTATCTGGCGTGGGGTAT,non-targeting control,GTTTATCTGGCGTGGGGTAT,AGAGACACTCAACCGATGTTGTCACCGGATGCGTGACCTGTT,False
GTTAATTTGGGTGGGCCCTGC,non-targeting control,GTAATTTGGGTGGGCCCTGC,TCGTAGAAGCTTAATCCTACAATGACGCGGCGCTCATATTAC,False
GCCACTGGTAAAGGCTAGACT,non-targeting control,GCACTGGTAAAGGCTAGACT,TGGGGTTCAACCAATCAGTGACTTCACCGGGTAGTCTCGCTC,False
GCCCCTATGCAGACTACAATT,non-targeting control,GCCCTATGCAGACTACAATT,CGAGTGATCCCTAATCCTAACTGCCAACGCTTCTCTCATCGT,False
GCTGGTGACCGACAATTACAC,non-targeting control,GTGGTGACCGACAATTACAC,CATTACCAATACCGCTGACTTGGAAAACGAGTGGCCTAACCC,False
GCTGTCCACCTACAGCGATGT,non-targeting control,GTGTCCACCTACAGCGATGT,AGTCCTTCTCTTAGCTAAACTCCAGGAACCGGGTGCGAACGA,False
GACGTGGGGACATATACGTGT,non-targeting control,GCGTGGGGACATATACGTGT,CGCGCCGCGTACTGCATAGTTAGCCAAACACCAAAAAGACAA,False
GTCTGGCTTGCACCGTGTCAT,non-targeting control,GCTGGCTTGCACCGTGTCAT,GTTGGCATGATTCACTAATCTGACTGATCTTGAGCTAGATGC,False
GGTCCAATAAAAAGTGCCACT,non-targeting control,GTCCAATAAAAAGTGCCACT,AATCGCATCGTAGGACTGACCGTGGTGACAGGAAGTGGGCAT,False
GGTTCCCCGGGAAGTCTATGC,non-targeting control,GTTCCCCGGGAAGTCTATGC,CACTACCCAGAAAAGAACTGCGCGAGCCCCATGGTTGCCTAG,False
GCTGACGTGTCTGAAATGAGT,non-targeting control,GTGACGTGTCTGAAATGAGT,CGTACGAGGTTCCCGGCTCGGAGGTTCATGACCTACCGGGGC,False
GATTTCCCTACGGAGATATCC,non-targeting control,GTTTCCCTACGGAGATATCC,GAACATATCCTCCACCTTTGTATGATACCATACGACCAGCCG,False
GGGATACCTGGGCCGACTTTC,non-targeting control,GGATACCTGGGCCGACTTTC,TTCCCTGCGTACATAGACCATTTCTCATCGGGAGTGAATGCC,False
GCTCCGTTATGTGGCATGAGA,non-targeting control,GTCCGTTATGTGGCATGAGA,TACGCCGAGTTCCTGTCGAGCAAAGGTGATAAAGTCTGACAA,False
GCGCAGGCTAGATGACACCAG,non-targeting control,GGCAGGCTAGATGACACCAG,ACGACATGACGATACGAGTATTTAGATCGTGAAGCTGACTGT,False
GTTCGGAACTTACTCAGGGTA,non-targeting control,GTCGGAACTTACTCAGGGTA,AGAACTTTCGTCCGGTACGATTTACATCAAGTATCCGGCGTG,False
GGCGGGCAGAACGACCCTGAC,non-targeting control,GCGGGCAGAACGACCCTGAC,CTCGTTACCGGAACGGTTAGGACCAAAAAAGCTCTTCCGCCA,False
GATAGGTCATCCACTGGGCGG,non-targeting control,GTAGGTCATCCACTGGGCGG,ACCTGATGAAATATATGGCTGATTGATCGGCGTACTCGACCG,False
GAAGCGGGCACACATGACAAG,non-targeting control,GAGCGGGCACACATGACAAG,GTCGGGCAACTTGAACAGCGTAATATCTTGAAACATAAAGCG,False
GCCGTGTTCCACAACTACCCT,non-targeting control,GCGTGTTCCACAACTACCCT,TACCCGTACAGCCAGGCGGGCGATAGAAGCCCTGCCGCGGCG,False
GGTAAAGAAGCGGAAAGGTCC,non-targeting control,GTAAAGAAGCGGAAAGGTCC,CTCACCGCTGCCGCTGCTACCCATGTAACACGCCCCTCCAAC,False
GGCCTGCCCTAAACCCCGGAA,non-targeting control,GCCTGCCCTAAACCCCGGAA,GGTCTAATCCCTCTAAACTAGCTATTCTAGGACCGGGGTGCG,False
GTACGTCATTAAGAGTTCAAC,non-targeting control,GACGTCATTAAGAGTTCAAC,TCTGGACCTTATAGCCCATACAGAGGCCCAGCGTATGTTACA,False
GCGATGGATCCCTAGTTCCTG,non-targeting control,GGATGGATCCCTAGTTCCTG,CGGAGTTGGAACGTTAGCTTTAGGGAAATGGAGGAACGGATC,False
GGCTGCGGCGAGATCACATAA,non-targeting control,GCTGCGGCGAGATCACATAA,GGGTCTCTGAACGGATCCCGGCATGCCGGCTTAAAGGTGATA,False
GCGCGCACCACGGGCGCGCAC,non-targeting control,GGCGCACCACGGGCGCGCAC,TTTACTTACCAGAAGGCACTTTGTTATCACTCCGCGTGCTCG,False
GCATTGTATGAACGCAATAGC,non-targeting control,GATTGTATGAACGCAATAGC,TACACCAGCTCGTTCTTGAACCGCTCTACTGATCACCGCGCT,False
GTGCAGGTCTAGGTCCCAAAG,non-targeting control,GGCAGGTCTAGGTCCCAAAG,GATCTCAGGGGAAAGGACCAAGCCTTGAAGACATGCCCGTCC,False
GCCGCGCATTTCAGAGCACAA,non-targeting control,GCGCGCATTTCAGAGCACAA,GCCCCGCCTGGACCGTGGTAACCGCGCGTTCGTGCGGGTCAG,False
GAAAACAGGACGATGTGCGGC,non-targeting control,GAAACAGGACGATGTGCGGC,TTACGCATGTGAGGGGTTGATGTAAGCTTAAACTTACAGGTA,False
GACCTATTGTCCCTTCAAGCT,non-targeting control,GCCTATTGTCCCTTCAAGCT,GCGTGATTGTGGGCGATACCCGGGTCACTCATGTCAAAAAGA,False
GAAAAAGCTTCCGCCTGATGG,non-targeting control,GAAAAGCTTCCGCCTGATGG,CAACATTCGACTTGGTATTTCTTGCCATATCATATACGCTGG,False
GTTGCAAAGCTGATCGGCTGT,non-targeting control,GTGCAAAGCTGATCGGCTGT,TTGCGGTCCCGGAGAAGGAGCTTCCCCCTTTCGCCGCGAGGA,False
GAAAATTATCGGAAACGGTAG,non-targeting control,GAAATTATCGGAAACGGTAG,ACTTCCAAGCGGCAGTCTCTGCCGAACCCAACATCGCATCTA,False
GCTGTATTAACGAACCTTGTG,non-targeting control,GTGTATTAACGAACCTTGTG,GTACTGGGGTAGGGAAGGTGCTGCATGGTAGTAAAGACGAAC,False
GAGTCATAACTGAGTGAATCG,non-targeting control,GGTCATAACTGAGTGAATCG,GATTGGGTGGATATCACCCAATTTAGCGATATCTGGTAGGTA,False
GTAGTTACAGACTCAGCGGGT,non-targeting control,GAGTTACAGACTCAGCGGGT,CACGGATGTACCAACATCACGACATAAAGGATAGTTCGCTGC,False
GCCAGGCTGAAGTTCGTACCT,non-targeting control,GCAGGCTGAAGTTCGTACCT,TCAGCTCCTGCGCGTAGCTCCCTGGAGCCTACTGCTTGGAAA,False
GTATTTATACACTATGCGGCA,non-targeting control,GATTTATACACTATGCGGCA,CCGAAGAAGAATAAGTGTCATCTAAGTGAGATTACCACCTTT,False
GCACTTACACATGAGGCGGTA,non-targeting control,GACTTACACATGAGGCGGTA,GATAGAAGAAGGTTACCGAGTCCTTTCACTATTAGAAGGTCT,False
GTTTCGCCCAAGAGGCTTGGG,non-targeting control,GTTCGCCCAAGAGGCTTGGG,GATCGCGTGTTACCTACTCAACCAAGAGCAAATGCTGCCACT,False
GCGCGTGTAGCTGGAGACAAG,non-targeting control,GGCGTGTAGCTGGAGACAAG,GTTATGTGGATGTATATGCTAGGGCTCAGACTTAGGTAGCCA,False
GCGGAGTTAACCTGGAACCTT,non-targeting control,GGGAGTTAACCTGGAACCTT,AATCTTTCTAGCGGGTCCAGGGGCCTACAGTTTGTGCCAGAG,False
GATAGAAGTGTGACCGCTGGG,non-targeting control,GTAGAAGTGTGACCGCTGGG,ACTGCTCCATGGTCACACCTGTTACGACGTTGTTCGGCTTAT,False
GGGTTGCTGTGACGAACGGGG,non-targeting control,GGTTGCTGTGACGAACGGGG,CATTGTATTTGTAGAATATGACTAAGCGGCGTAGCCTCCAAG,False
GGTATTAAGATGCGTCTTAGA,non-targeting control,GTATTAAGATGCGTCTTAGA,TCGTAAATAGATATATAGCGTTAAGCCACGCACCGTATAGAG,False
GGGCCACAAAAACTCGCTAAG,non-targeting control,GGCCACAAAAACTCGCTAAG,AAGGTTCCCACGGAAGTTTATGGTCTGTCTCATTTCGCTCAC,False
GTCTCTCGGAGTGGAGCAACA,non-targeting control,GCTCTCGGAGTGGAGCAACA,TGTCACGCAGGGGAGTTAGTGTGTTTCCACGACCCCCTGGTG,False
GGAACCGACTTGAAGGGGGCT,non-targeting control,GAACCGACTTGAAGGGGGCT,AAAAGAGGATGGAACGGCAAAACCCTTGATGCGTACGTCTGA,False
GACTGAGTGGGTAACACGCAT,non-targeting control,GCTGAGTGGGTAACACGCAT,ATTTACGAGAGTGCTACCATCGAAGGTGGATCATTACTGCTC,False
GCCTAAGGGGTACCACCATGG,non-targeting control,GCTAAGGGGTACCACCATGG,GTCTCCGAGCCTCTATTTGGTGCCAATATATTCCAGAGTCCA,False
GTCCCCGAGACCATCTTAGGG,non-targeting control,GCCCCGAGACCATCTTAGGG,CGAGTGCTCGGTCGCGGTGCACTAACTACACACGATACGCGA,False
GCCTAAACTCAGACGCACTAC,non-targeting control,GCTAAACTCAGACGCACTAC,ACCGATAACGCTTTGTGCTTCCCAAACATGACCTGACTAGAG,False
GACGCCATATTTCTGGCTCTA,non-targeting control,GCGCCATATTTCTGGCTCTA,TAGCCGGTGCCGTGTCCGATCCACCAATGTGGTCTTCTTATA,False
GCATCTGTAGGGTTGCAAGCC,non-targeting control,GATCTGTAGGGTTGCAAGCC,TTGCGGTCGACTCTAGACACTGGACCAGTAGGTTATGTACAG,False
GTTTAACTGTCCCGGTGTGCA,non-targeting control,GTTAACTGTCCCGGTGTGCA,TACACTGGGGCAACATCAAACACAAAAAAGGGGTAGACACCG,False
GCCTCGTCCAGATTCCGGCGG,non-targeting control,GCTCGTCCAGATTCCGGCGG,CTCACGCATATTTATCCTGCTGCAGAGCACGCGAATTACGCA,False
GAATGGGTTGCCGGGAGTAAA,non-targeting control,GATGGGTTGCCGGGAGTAAA,GCCCATAGTAACGGCTCCCACTCCGAACCACCCAAGTTGGTT,False
GTGGATCGGCAGTGGTACTGG,non-targeting control,GGGATCGGCAGTGGTACTGG,GCCAGGTAATGGTTGCTGCGCGACGCCGATCCTAGCACGCGT,False
GAAATACAAGCTATAGCGATA,non-targeting control,GAATACAAGCTATAGCGATA,TGGTAACTGCGAGTGCTAAGGTCTAGGATCCCTGTTGAACCA,False
GCATGAGCGCATTGAATAATA,non-targeting control,GATGAGCGCATTGAATAATA,AAGTTTGCATGAGAGCGTTACCCTGGCGGCACCGGGTAATGC,False
GGACTTTGGTTGAGCTTCAAT,non-targeting control,GACTTTGGTTGAGCTTCAAT,GACTAATGCCGTCAATGATATGCGTGGTCGGAATCCTGATAT,False
GGGAACCCTCCCTGCGATAGA,non-targeting control,GGAACCCTCCCTGCGATAGA,CACTCAGCTATAGGCCTAAGGTGGCAACGACCCCATCGCTCG,False
GGATCATAATCGCTTCAAGCA,non-targeting control,GATCATAATCGCTTCAAGCA,CACTAGTTTAGCATTGTTCCGTCACTCACGGCCTACCTTTCA,False
GCGACCCGGAGGATGAGATGT,non-targeting control,GGACCCGGAGGATGAGATGT,TCATCTGACCAGGATAGACGTTGCTGCGATTAGGTGAAAGAC,False
GCGGGATGGTCCCTGCCGAGA,non-targeting control,GGGGATGGTCCCTGCCGAGA,CGCTATAGGGGGTCTATAAACCTGTTGTTCAGTCCTCTAAAC,False
GTAGATTGGCCCCACAAAGCG,non-targeting control,GAGATTGGCCCCACAAAGCG,CTTCAACAGGCGTGGACCCGGCACCTTTGAAAGGGAGTGACC,False
GCCACACCTGTCTAGCATGAC,non-targeting control,GCACACCTGTCTAGCATGAC,AGGTACAAACCAGGAACAACGGACATTGCGAATACTACTTTA,False
GGTACACACTTATGCCATCAC,non-targeting control,GTACACACTTATGCCATCAC,GCTGTAGTCAAGCAATTTCGTCTTTGCGCGATAAAAAGAGGA,False
GGAGTCGAAGATGGTCTAGGA,non-targeting control,GAGTCGAAGATGGTCTAGGA,AGGCCCACCCCAAAACCAATTATCCTCGTACCAACAGATGTG,False
GTTCCTGCCCGAACTGCAGAA,non-targeting control,GTCCTGCCCGAACTGCAGAA,AGGGCCTTTAGAGATAAGTATTTCTGCGCAGACCAGCAAATA,False
GCGGCTGAGGCACCTGGTTTA,non-targeting control,GGGCTGAGGCACCTGGTTTA,TACACGACTTGTTAAGAATGGGCCTTTACCACTATTCTATGG,False
GCCTGCGCGTAGAACAGTGGT,non-targeting control,GCTGCGCGTAGAACAGTGGT,AGTCGAGGCATCGGCTCGAGAGAAGCCCCGGAGACTACCAAG,False
GCACGCTTCTGCCATCACCGG,non-targeting control,GACGCTTCTGCCATCACCGG,TGGCCCAAACCGGGGCAAGGAACCGCTCTGCGTACCGCTCCT,False
GAATCGCAGGTATCCCAGAGC,non-targeting control,GATCGCAGGTATCCCAGAGC,GAACGCAGTAGCCAGCGGCGAAAATTACTCTGATACCATTCG,False
GTCGGGCAGTGAGTACAATAC,non-targeting control,GCGGGCAGTGAGTACAATAC,GCTGTTCAAGCTTTGCACCGCTTCCGTGCAGAAGATGAAACG,False
GTGTCCCTTGCAACCTCCGTT,non-targeting control,GGTCCCTTGCAACCTCCGTT,CCAGTTCTCGCCCCACGGTACCAGATTTGCGTTGCAGTAGGA,False
GACAAACGACCTTGAGCAGGG,non-targeting control,GCAAACGACCTTGAGCAGGG,AGCAAGCGCGGCAGCAATGGTGGGTCTAATGTCACAGGCGTG,False
GGTACATTCCAGTATTCACGC,non-targeting control,GTACATTCCAGTATTCACGC,ATCCGTGATCAGGCTTTATTAACTATGTTCGATGAAAACTTA,False
GGGAGAGGGCCCGCGAACTCA,non-targeting control,GGAGAGGGCCCGCGAACTCA,TCTTCAATAGCACCGAGAGAGCTGCGTACTAGTCAACGGCGA,False
GGGCTGGTTGACCTTCCCGCT,non-targeting control,GGCTGGTTGACCTTCCCGCT,TCGACAAGCTTTAGTGCTAGTACGTTGCGCGAGGGGGCTCAC,False
GGATGTGATCTATGGTTGCGA,non-targeting control,GATGTGATCTATGGTTGCGA,TAGTTGGTAGAAATGGCAACCTTACTGCGCCGCTGTCTTGGC,False
GACGTCAACTGCTGGAGTGGG,non-targeting control,GCGTCAACTGCTGGAGTGGG,TTAACGGGAAACTCACAGCTAAGGGGAAAGCGCCATAAGTGC,False
GATTTAAACCGTTACACAGTC,non-targeting control,GTTTAAACCGTTACACAGTC,GGACCGGACAATGAATTGGCCGCCTTTAACCTGGTACGAGAT,False
GCACGCCAACTAAAACTGCAG,non-targeting control,GACGCCAACTAAAACTGCAG,GCTGACAGTGGAATTGACTCAACGTTAGTCATAATGGGTTGG,False
GCCTAGAGGTCCCAAGGCGTG,non-targeting control,GCTAGAGGTCCCAAGGCGTG,TTGGCTACATGTCCGTAGGCCGTGGCTATCGAGGAGCCCAAG,False
GCCGTTGATCCCCAGGCGTGC,non-targeting control,GCGTTGATCCCCAGGCGTGC,TCCAGCCGGCGGGCGTCAGCGGCTACAATGCGTCAACATATA,False
GCCTCGATGGTCACCTGTAGC,non-targeting control,GCTCGATGGTCACCTGTAGC,ATTACTATAAACGGCTCCCTTGAGAACGGTCTAGATTGTGAG,False
GGTGCGCATGGGCTGATGTTA,non-targeting control,GTGCGCATGGGCTGATGTTA,GCACCAGAGGGCCAACGAGAACGGTAGCACGCCGCCCGCGAA,False
GAGACTCGTATTGTCATATTA,non-targeting control,GGACTCGTATTGTCATATTA,TTAAGGTGCTATTCGGGGTCTCGGTCACCCGGCGAGGCAAAG,False
GGGATCTAGCTACCTCAAAAG,non-targeting control,GGATCTAGCTACCTCAAAAG,CAATCATTGGACATTGGCATTGCCCTGCCACGAGAAGACGCC,False
GAGAACCCAGACGCCAGCGGT,non-targeting control,GGAACCCAGACGCCAGCGGT,CGTTTATTCCGGGGTAGACGCTGCATTATACCGGCATGGCTT,False
GCGAACTTCTGGCTGCAGTTT,non-targeting control,GGAACTTCTGGCTGCAGTTT,GTCGACGGCGTCTGACCACCAGTGGGGCTTGTGATCTCTCAT,False
GATAGTAACGTCAGGGAGTAA,non-targeting control,GTAGTAACGTCAGGGAGTAA,GGTCTTGCCCGAACGTTCATTATATCACAATCGCACTCTATC,False
GCGAATATTATTTCTATCGGG,non-targeting control,GGAATATTATTTCTATCGGG,TAGCGTCCCGTTAACACTATATCTCGTACCGCTCAAGTGGGT,False
GGAGTGTAAGCTAACACTCTG,non-targeting control,GAGTGTAAGCTAACACTCTG,CCAAAGCATGTACCCCAGTCACACATTGTCCTACTATGAGAC,False
GATACAATACTTTGGCGCATA,non-targeting control,GTACAATACTTTGGCGCATA,CGAGTTGCTAACTAAGCAGCCACGCGAGCAATGTCTAAGTTC,False
GCTCCCTGCCGGCCGGGTTAG,non-targeting control,GTCCCTGCCGGCCGGGTTAG,TTAATTGGTGCGCACGCGTGGCTTGGCACCTCCCGCCCGAAA,False
GATCTTCAGGGTAACTACGAA,non-targeting control,GTCTTCAGGGTAACTACGAA,CAAACCTCCGTGTGTCCGACAATTTGTCCTCTGTTCAAATCC,False
GTTCTAAGCCACGTGTGGTAC,non-targeting control,GTCTAAGCCACGTGTGGTAC,CGAAGGCGACCTATTCAACCGCTGTCTAGGCCAGCGTGAGAG,False
GAGAAACTGAACTATCCTACT,non-targeting control,GGAAACTGAACTATCCTACT,AGGTGCGCGAAAACGCAGTAGGAGTCGGCGTAAAGGAACGAC,False
GCAGACCTAGCTCCGCTCCCA,non-targeting control,GAGACCTAGCTCCGCTCCCA,AGAGGCTCTTTCAAATTTGGATCCTGTTAGTTGTCGTGACGC,False
GAAATGCACAGATCGCTGATC,non-targeting control,GAATGCACAGATCGCTGATC,CAAACGGTCGATGATCCGATTATGGTCCGAATATAGGCACAA,False
GTCAATTCTCACTCACGACCA,non-targeting control,GCAATTCTCACTCACGACCA,TATATTCTGGCTTCACCATACAGTCAGATGATTGGCACGCTT,False
GACGGTGGGGATGGACCTACT,non-targeting control,GCGGTGGGGATGGACCTACT,TGACCCGGGCGGGATGATCGTCCCCCCTAACTGAAAAACAAG,False
GTGTGTTAGCCGAGATCTCTG,non-targeting control,GGTGTTAGCCGAGATCTCTG,AAAATCGCGCTAGCGACAATACCCCCATCCGTTGACACAGGG,False
GGCTAGTGTCGTGGGGGATGA,non-targeting control,GCTAGTGTCGTGGGGGATGA,GATAATACTTCAGATTTAGGGTATTTAAAAAGCGTAGGATCA,False
GCGAAGTCTTTCTTAGATGGT,non-targeting control,GGAAGTCTTTCTTAGATGGT,GCCTAAAGACTTAACCTTAAAGGCTCCATCTTACGCGGCAAT,False
GCATGATAGATCAGTCTTCCC,non-targeting control,GATGATAGATCAGTCTTCCC,CCACCAATCCGCCTTGCCTTGAGGTGGCCCCGGCCAACGTTC,False
GAGTGGGGCGCTAAGTGGGGG,non-targeting control,GGTGGGGCGCTAAGTGGGGG,AGTAGTCTGCGGAGAAGGCCCCCATCTCCTGTATCGTCGATA,False
GCCCAATGGCTTCTGCGTGAC,non-targeting control,GCCAATGGCTTCTGCGTGAC,GTTTGAGATACTTCCTGCACCGCGGCGTGGAAGTTATCTCAA,False
GAGATTCATTCACGAGTTGGG,non-targeting control,GGATTCATTCACGAGTTGGG,TATGCGATGTGAAATTCTCTGCACTCCAAAGGCCAAAAGGTA,False
GAGCTTTCGAAATTGAGTGTC,non-targeting control,GGCTTTCGAAATTGAGTGTC,GTTGACCTCCCAGTTTGGCTTATATTTCGTTGTAAAGTGCAA,False
GTGTAGCTAAGTGAGTATGCC,non-targeting control,GGTAGCTAAGTGAGTATGCC,GCGTGATGTCAGCAGCAGTAATTAGTTTAGATAACACTTAAG,False
GTTGTCCGTGACCCTGATTAA,non-targeting control,GTGTCCGTGACCCTGATTAA,TCCTCTGCAAGGTCTAGACAGCGTGCCTATCTCATCATTGTG,False
GTCTACGTGTAGTTGTACATA,non-targeting control,GCTACGTGTAGTTGTACATA,TCCCATCTTGAGAGCGTCAAAGCTCACGCCGCCACTAGCGGA,False
GCAATGGCGTGGACATTTGAT,non-targeting control,GAATGGCGTGGACATTTGAT,TTAAGGTAACTTCCGAACGAACAACTCCTGCTATAAGAGCTC,False
GTTCAGCGAGTGTGACTAAGC,non-targeting control,GTCAGCGAGTGTGACTAAGC,GCCTAACTAATATACATGGAACTGTTTACGGACCCAGGGAAT,False
GCACATGGGGTACAGCACACC,non-targeting control,GACATGGGGTACAGCACACC,CCGATTATATTGGCGGCCTCCCCCCTTATAGTCCCTGCCAGC,False
GCAAAAGTCTCGCTTGGTCCT,non-targeting control,GAAAAGTCTCGCTTGGTCCT,CAGCGGTTATAGAACACCGCATACGGTTCATAAAGCAAACCC,False
GTCGGAAGCAAACTTCTGGAG,non-targeting control,GCGGAAGCAAACTTCTGGAG,CTAGACTCTTCCGCCAGGATACTATGCGCTAGGTATTCCAAA,False
GACTATCATGGCACCCAATTG,non-targeting control,GCTATCATGGCACCCAATTG,AACATAGTTAAAGAAGAATCATGCCGCTGTATTATGGCACGA,False
GTTAGCCAGTAGTGCATATGA,non-targeting control,GTAGCCAGTAGTGCATATGA,AACTGTCGCCTTAATTAGAGGTTTCTGTCCCAATTTCGGACA,False
GGGGACTGTAGGAACATCCGC,non-targeting control,GGGACTGTAGGAACATCCGC,GAACACCAAGTAGGGTGTGTTGGGATAATCACTCTACTTCCT,False
GAAGAATTAGGCACGGTTACT,non-targeting control,GAGAATTAGGCACGGTTACT,GAAAAGCCACGTTGCCACCCTAGAAAGCGAGAAGATGGCCGT,False
GAAACCCTATGCCCAAATGAG,non-targeting control,GAACCCTATGCCCAAATGAG,ATATTCATACTTCGCGACAAGGATACGGCCAATAGTCAGTTT,False
GCATTAGTCTGATACCTGTGC,non-targeting control,GATTAGTCTGATACCTGTGC,GTACACAGGTCACTAACATGCTCAAGACTGGGTGTTTGAGCC,False
GGGTGCTTAGCTCTGCGCACA,non-targeting control,GGTGCTTAGCTCTGCGCACA,TCTAGGGAGACTCCCGCAAGCGTGGTCAAGCAGAAGAGAACT,False
GAGGCCACAAATTGTATACAG,non-targeting control,GGGCCACAAATTGTATACAG,CGACCCTTGACAATCGAAGTACGATTACCGCTGTGCTTACCG,False
GATGCCTTAGACTTAACCTCG,non-targeting control,GTGCCTTAGACTTAACCTCG,GCTCTCTTGTTTCCTTTGTAGGGGAGATTACTGAGCTATGTT,False
GAGCGATCTGGACACTCTCCA,non-targeting control,GGCGATCTGGACACTCTCCA,TGCAGGCTGGTCCATTTGCCCTGGCCCTGTATGTAGTGGTCA,False
GAGTCTTAAAGACCCTAAGCT,non-targeting control,GGTCTTAAAGACCCTAAGCT,AGTATCTCGACCTCACATTTAAGGGAGATGGGTGCCCGCGAG,False
GAGGTAAGCCCCTTAGAACTG,non-targeting control,GGGTAAGCCCCTTAGAACTG,GTAGTCAAGGAGATCCCTGAAGCACTTTCTATAAAACTTTCT,False
GTTGGTCCGAGTCTGGAGAAA,non-targeting control,GTGGTCCGAGTCTGGAGAAA,GGGCCATCTGAACCTAGTTCGCGGGTCTTCGCACCGTACTGC,False
GCAAAAAGGCGTTTGAGCGTG,non-targeting control,GAAAAAGGCGTTTGAGCGTG,CTGTCACGAGAAGTCATTCACGCTGACTTCCGTACATGGACC,False
GGTGTAAATCTGTCCAAGTAG,non-targeting control,GTGTAAATCTGTCCAAGTAG,GCGCCGCCCACCTTCTTGATCGTCTGGGCCGAAGACAGCTCT,False
GAATCTTACTCGTCCTCCTTG,non-targeting control,GATCTTACTCGTCCTCCTTG,TATCGTACACCACTGTGCGCCTTGTTTGGTCTTCGTAAGCGT,False
GGACCTATGCCAGAAAGTTCG,non-targeting control,GACCTATGCCAGAAAGTTCG,TCTGGAATGGACCAGCTAGTCTACTGTCTGCCGTCATCGGGC,False
GGGTCCCTCAGGGTGCAACTT,non-targeting control,GGTCCCTCAGGGTGCAACTT,CTGAACGGGGTGTTCGCGATGTCTATCGGAGCGACATCGCAA,False
GGCCCCAAGCTAGAACTCAGC,non-targeting control,GCCCCAAGCTAGAACTCAGC,ACTACTACGTGTGGGGCTCCCTAAGATTAGGCGAATAGCGGG,False
GCCATTCCGTAAGGGCTTGGA,non-targeting control,GCATTCCGTAAGGGCTTGGA,ACGACACCACACATAGCTGACCCCTTTCGGATGCCTTATTCC,False
GAAACCTAGCCCCAATACTTA,non-targeting control,GAACCTAGCCCCAATACTTA,CTACGGATTGGGCCCCCATCCAGTGGGGGTACGATTTCCCGG,False
GTACGGGTGTCTCCATCTTGC,non-targeting control,GACGGGTGTCTCCATCTTGC,TCGCTGTCATTTGGGCGAGAATGGGACGACGAACTCAATATA,False
GCTTACCCCTATTATAATGAA,non-targeting control,GTTACCCCTATTATAATGAA,CCAGTTCTACAGCGAAGTAGGGCGTCCCGGCCGACGGGTTTG,False
GGAGCAATCCAAAGTTAACGG,non-targeting control,GAGCAATCCAAAGTTAACGG,CTTCAACCCGTACGCGTGTCGCAGGTTTGGACGGTCCAAGTG,False
GTCACTTTACACTTGTAGTGT,non-targeting control,GCACTTTACACTTGTAGTGT,GTAGCGTTAACCAATATATTTGCCGCGACGCTCGTTAACGTC,False
GTTCTTAGAAGTTGCTCCACG,non-targeting control,GTCTTAGAAGTTGCTCCACG,GCAAGACTACACGCGCATGAGTGTAGTGGGCCATAACGCCTC,False
GATCTCTATACTGTCACTCGC,non-targeting control,GTCTCTATACTGTCACTCGC,CCGCGGATGTAAATGATCAGATACTCTGCTTGGCACCCCTGA,False
GGAACGTAGAAATTCCCATTT,non-targeting control,GAACGTAGAAATTCCCATTT,CTCTTGCTAATTCATGTCGACCGAGAGCCGGAGGGAAGATCC,False
GCGAGTGGGAAACGGGAATCA,non-targeting control,GGAGTGGGAAACGGGAATCA,TCGCCTCGCTCGCGAGCTATCAAAATGTCGCGCCACTCAATT,False
GCATCATAAATGTACAACGGG,non-targeting control,GATCATAAATGTACAACGGG,TGTCTGAGATCGCACAGGCTAACCTAAGCGATTTATCCAGTG,False
GTCCCTCCTAGTCAAGAAGAG,non-targeting control,GCCCTCCTAGTCAAGAAGAG,AGCTTATAGTGCCTGCAGGAGGCCGGTGGCGCTCTAATGTAG,False
GGAACGTCCAAGCAAGGGAGC,non-targeting control,GAACGTCCAAGCAAGGGAGC,CGCGGCTGTTTAGAGCAAATATTGATCTATGGTCCCGCTGAG,False
GGGGTGGTCATTCTCTACTTG,non-targeting control,GGGTGGTCATTCTCTACTTG,AGTACCAGGTGCGAGCTTGGTCCGATTAAATCGACGAAATCT,False
GAGTGAGTGACAACCAGATCG,non-targeting control,GGTGAGTGACAACCAGATCG,TTTAGTCTAGCTACACCTAACTTGTAAGCTGCAATGGGCAGT,False
GGGAAACTGGGTTTCATCGTC,non-targeting control,GGAAACTGGGTTTCATCGTC,GTTATACAGGCATCGACTGACAAAACATCGCGAATACACTCT,False
GTATGACCCTGTTACATTGCC,non-targeting control,GATGACCCTGTTACATTGCC,GTAGAGTTCAAGGCTAACTTAACCCACCTCCATATGCTATGG,False
GTGAGCATGTCGGGAGTAACT,non-targeting control,GGAGCATGTCGGGAGTAACT,GACTGGCAGAGTCGTCTGCAGGGCTCGTCGCCTGTAGGAAAT,False
GCGGTGAGCCACACGAAGGAA,non-targeting control,GGGTGAGCCACACGAAGGAA,CGCGCCGGCTACCAGATTGGTGATGGGCTAACTTGAGAAAAC,False
GGTTCATTTCCAAGTCCGCTG,non-targeting control,GTTCATTTCCAAGTCCGCTG,GGACCCAGACGTCCGATACTACTAGGCGCTGCGTCGTTCGAA,False
GCGGGTTATGTGATGCCATCT,non-targeting control,GGGGTTATGTGATGCCATCT,GGTCATAGGGGCAGGTCTAGCCCTTGGTCGTAACCATAGTAA,False
GCATTAGCAGCCCAGCGCCCA,non-targeting control,GATTAGCAGCCCAGCGCCCA,GCCTGATCGACTCGTTCGGATAGTTTGTAAAAACTGTCGGTT,False
GATCAGCCCATTTCTGCGCAC,non-targeting control,GTCAGCCCATTTCTGCGCAC,ATCGTTCTGCACAGCCTATCAAGAGATTTGGATCACCCCTTA,False
GGTGAAACAGAGGGTCCATCA,non-targeting control,GTGAAACAGAGGGTCCATCA,CTGGCAGCAGACGCTCTATCACGTTTGGGTCGATTACACAGC,False
GCGTAGTAAATATCTAGCTAA,non-targeting control,GGTAGTAAATATCTAGCTAA,CGTCGCGAACAAAATAGGATATGCCCTTTAGCCAGTTCGACC,False
GATTAAACGACACCTTATTCT,non-targeting control,GTTAAACGACACCTTATTCT,GGGCGGGAAAGCTCCGTCGTGGGGAGAGTGAGATTGAACAGA,False
GCCCTCAGGAGCTACTAAGGT,non-targeting control,GCCTCAGGAGCTACTAAGGT,GCAAGCCTCTCAGCACTATCCTCTAGCCTCGTTTGGAACGTT,False
GGAGGGGGCTTCAAACATGTG,non-targeting control,GAGGGGGCTTCAAACATGTG,CAACGTATGCATCGGAGACTGTAGCTATAGTGACAGGGGTAT,False
GTCGCAAGGAAGCCAGCTAAG,non-targeting control,GCGCAAGGAAGCCAGCTAAG,GCGGGGATTCTAACAATCCTCACCCTACTGAAGCTTGACCCC,False
GCGGAGCTTAGCGTGGGGGCG,non-targeting control,GGGAGCTTAGCGTGGGGGCG,GAGTTCTATTTATTCGGCCGGCAGAAACGCGGCAGGATTGCC,False
GGCTCCCATCCATAGTAAAAA,non-targeting control,GCTCCCATCCATAGTAAAAA,GACTTCTAAATCGACTGATACACTTCTGTGGTATACCTCGTG,False
GTGACTAGCTCTTACATATTC,non-targeting control,GGACTAGCTCTTACATATTC,TCGGCAATACTGTAGACTCCATCTTACCGTGCGAGCTGAATT,False
GCCTTATGGAATCAGACCGTT,non-targeting control,GCTTATGGAATCAGACCGTT,CGCCCGTTGCAAGTCTTGCGCGTTCTTCATACGTCCCACTCC,False
GCGTCAAGTATTAAGCTGCTT,non-targeting control,GGTCAAGTATTAAGCTGCTT,CCCCCATGCCCACGGCTGCTTACTCCAGGGGGATCTAACTAG,False
GATAGCGGATGTCCTTGGAAA,non-targeting control,GTAGCGGATGTCCTTGGAAA,TTCTCATCCCGAGTTTCTTACCCGTGTCCCACACTTCCAGAA,False
GACGCATGCTTCCCAAAGCGT,non-targeting control,GCGCATGCTTCCCAAAGCGT,ACACACAACCTACGCAGAATACAAGCAATTCTTAGAGGTTCA,False
GAGTATTAGGTACCTGCCCTA,non-targeting control,GGTATTAGGTACCTGCCCTA,CAACACGCCCCTTACCTGCCCGCGGCCGTCTTTCGTCATTAG,False
GTAGAGTGCATAAGAGAACCA,non-targeting control,GAGAGTGCATAAGAGAACCA,AAAGTAAACTGGTGTACTAGCAAATCCACTAGGTAGTTTGCT,False
GAGTGTATCTTCCACCTGTCT,non-targeting control,GGTGTATCTTCCACCTGTCT,CCACTTCTTGGCATCTTTCAACAGAAGCCATTATCAGTTGAA,False
GAGTATGAGACTCATAGGGTG,non-targeting control,GGTATGAGACTCATAGGGTG,GTAGGTGTACGTCGAGTGTCTCCTATTACAGCCAGTGTTGAT,False
GGAGTTTCTAGTAGTGGTAGG,non-targeting control,GAGTTTCTAGTAGTGGTAGG,TTCACGATTGGTGCTGCACCCTCCTGGCTGTGTGAGCCATTG,False
GGAAACGAGAAGTTTGTACTA,non-targeting control,GAAACGAGAAGTTTGTACTA,TGTTATGTAGCTGCTCAGCAACCCTAGAAACCATAATCCCTC,False
GAGCCCGCCACAGAATAGCTG,non-targeting control,GGCCCGCCACAGAATAGCTG,GAAATCCGTGGCCCTATGCGCATATTCGGTAGTGGGGAAGAA,False
GGTTGATCGAAAATGGGAGAA,non-targeting control,GTTGATCGAAAATGGGAGAA,GACCGCACGCGAATAAGGAGCTCCCGAATCACTACCTCGTCC,False
GTAGGGGATTAGCTGACAGTC,non-targeting control,GAGGGGATTAGCTGACAGTC,TTATCGTGGTGCCATTAGCGTGTAGTCTTCGTCACGATGGCT,False
GGCTTGCATAATTCTGGCCAG,non-targeting control,GCTTGCATAATTCTGGCCAG,CAGTACTGTCCTGGTTGCCCAGGCAACGGTAAGCGCGCAATT,False
GGCTAAGGTCATGTTTGCAAT,non-targeting control,GCTAAGGTCATGTTTGCAAT,GTACAGAGACCGCAACTCTAGCCGCACCTATTCTTGTAGGAG,False
GGACACTATCCAACCCAAGAG,non-targeting control,GACACTATCCAACCCAAGAG,TTTCATTAAGGGCATGTGAAACAGGCTAATGCTAATGCCTCC,False
GGAGTTATTTATTCTCTCGAG,non-targeting control,GAGTTATTTATTCTCTCGAG,ACCTCAGTGGCGTCTGGATGGGGAGTCAGGCACCGACAGTTG,False
GCAGTCGTTTCTATGGGATCT,non-targeting control,GAGTCGTTTCTATGGGATCT,CTGTAGACCGGGACCACTCCGTGATCGGATTACCATTATTCA,False
GAAAATCGATGGGCTGAATCT,non-targeting control,GAAATCGATGGGCTGAATCT,TGATATGGGATGCCTTCCATGACTAATATCCCAGATGGTACA,False
GGTTCTGCCACCGACTTGGCC,non-targeting control,GTTCTGCCACCGACTTGGCC,CATGACCCTTTCTAGACCCTATACGGAATGCCTTACAGTGGG,False
GGACGCCTTGCCCGGCTCACA,non-targeting control,GACGCCTTGCCCGGCTCACA,CCTGTCGTCACTTGATAGTACGGGCCATAGAGTCAGGACTAA,False
GTAGTTCTAATCGTTCCTTGA,non-targeting control,GAGTTCTAATCGTTCCTTGA,CTAGTCGCGACCAAAGACAATACGCCCAGCATGCACTAGTGT,False
GCACCCTTATATTCAGTAACT,non-targeting control,GACCCTTATATTCAGTAACT,TGAAGCTCAGTAGGTCTCTCCCTCAATATCCCTCCTCGTTAG,False
GTGCCCACTTAGCAACACTCT,non-targeting control,GGCCCACTTAGCAACACTCT,CCCTACATCTTGAACCTCCATGACGGCTGGCGGCGCTGATCG,False
GCACTGCAGTATTCGTGGCCT,non-targeting control,GACTGCAGTATTCGTGGCCT,TATGGGGCTATAATTTAGATCTAGGAATATGCCCGTATTAGA,False
GTGCCTCTCCCTTACCCGGAC,non-targeting control,GGCCTCTCCCTTACCCGGAC,CCGCTAGGTCGCTCCAGCTGCCGCTTGCACGGCAATCTGCTC,False
GAGAGCATGATGACCCGTGAC,non-targeting control,GGAGCATGATGACCCGTGAC,CTAGCTTTGAATCGGACATCGTGGCGAGGGTTGTAAATGGTA,False
GGGTGTCACCACCGCTTACCA,non-targeting control,GGTGTCACCACCGCTTACCA,AGTCATGGATTGTACGGTACATAGAGGAGGCGTACGGCAACG,False
GGCCAGCGGGGATATGGTGAA,non-targeting control,GCCAGCGGGGATATGGTGAA,GTTTCCACTGTGATGGGAGCCCCGTATCTAGAGGCACCATGT,False
GACGCTCTCCTGGCAACAAGT,non-targeting control,GCGCTCTCCTGGCAACAAGT,GATGGTAATTAAAAAGGCTGCAGGCCCGTTATGATCGTCTAC,False
GTGGAGAAACGAGGTGTAATA,non-targeting control,GGGAGAAACGAGGTGTAATA,TTTGTAGCCCATGCGGACCAAACTGATTACCGCTGGTCGACG,False
GTATAGACCTCCCAAATACAT,non-targeting control,GATAGACCTCCCAAATACAT,CACCAGGACGAAACGTGACCACTATGTTCCAGGGCTGTGTAA,False
GAAGTGACGGTGTCATGCGGG,non-targeting control,GAGTGACGGTGTCATGCGGG,GTAGTTGCGGCGTTATACGCTAATACCGAATATTAAAAGGCC,False
GTGTCAGTAGTCAGGACCCCG,non-targeting control,GGTCAGTAGTCAGGACCCCG,ACTGACCATTTACTGTACGCTCGCGACCGTACCAAAGAGTGA,False
GGGAATCCGGAGCTCATGAGG,non-targeting control,GGAATCCGGAGCTCATGAGG,GGTGGCCCTGCCCTCGGGTGCCGGGTTTCGCACTAATGGACA,False
GCATTAAACCTTGCCCCACAA,non-targeting control,GATTAAACCTTGCCCCACAA,ACCCTTATTCATTGATGGGATTGTGGTTGCTGTTGCAACTCG,False
GCCAGTTATAATTAGGGGTTT,non-targeting control,GCAGTTATAATTAGGGGTTT,ATTCTTTAATGACTCTGCCCAACTCGGCAGATGATGACGCTG,False
GCCTCTCACCGACTCTGTGTC,non-targeting control,GCTCTCACCGACTCTGTGTC,CCCAGTGTACGATTCACCGATCATCTCGATGAGATCACGAAC,False
GTAACCCAGAAGCCCATTCAG,non-targeting control,GAACCCAGAAGCCCATTCAG,TCAGCATGCGGAGCTGTATCCACCGTACAAATGTGGTGACGA,False
GCGACCCATGGATGTGAACCC,non-targeting control,GGACCCATGGATGTGAACCC,CAGTTACAATCGGTTGCAAGGTGAAGACACCCGATGTGGCCC,False
GAGATGGTCAGATCTAGTAGT,non-targeting control,GGATGGTCAGATCTAGTAGT,AACCACTTCGTAACGCCCTAAGTCAAAGTGTCCGGGCGGGAA,False
GCCACGATGCCACCTCATCCC,non-targeting control,GCACGATGCCACCTCATCCC,ATAATGTCCCACGACCTGCTGTGTCGCCTGGCGGTTATGCCG,False
GTAGTCCTTAGGGTGGGCTGA,non-targeting control,GAGTCCTTAGGGTGGGCTGA,CTAACTTGGGATTGGGAGATATTCCACCTGTTATTAGTTAGT,False
GCGTGTGTGGGTAAACGGAAA,non-targeting control,GGTGTGTGGGTAAACGGAAA,CTGCATCGACCTGAGTACGTGCTCTCACTTGGCGCTTATGCT,False
GCTCTGTGAGATGTCCCGAAA,non-targeting control,GTCTGTGAGATGTCCCGAAA,TCTTGTCTTCTGACGTCTGATGTTAAGCGCTGGCCCTACATC,False
GTTGGGGATTAACCCAGAGCC,non-targeting control,GTGGGGATTAACCCAGAGCC,GCCAGAAGAAGACGGCGTGGCTCTACTACCAAGGCAAAAACT,False
GGACAGTGAAATTAGCTCCCA,non-targeting control,GACAGTGAAATTAGCTCCCA,GTTGGGATCACCTGGATGACCCATTAGGTCATCCTCTGGTGG,False
GTGTTCTACTTTCGAAGTTAA,non-targeting control,GGTTCTACTTTCGAAGTTAA,GAATATCTTCCCGTCAATCTATTGATCGTCGCGGACCAGTCT,False
GTAGAATTTGACCAAAGGCAC,non-targeting control,GAGAATTTGACCAAAGGCAC,CTCACTTCGCCTAAATCATAAGAGCAGGAAAAGACACGTACA,False
GCTTCTAGCTGGTTCATTGCT,non-targeting control,GTTCTAGCTGGTTCATTGCT,CTAGTCCAGAGCATCCCGATCATTGGCACGCTATAAACATCT,False
GCAAGCATTTAGACACCTGTC,non-targeting control,GAAGCATTTAGACACCTGTC,CTTGGCTAATCTGCCCGTATAACACCGCCTGTCTAGGTAGCC,False
GGTGTATGAATGTTAATTCCG,non-targeting control,GTGTATGAATGTTAATTCCG,TGGGCTATCGTTCAGTGATCATCTTGCCGGTAGCGTCTTGAA,False
GCGGCCAAAGAATTAGAAGTT,non-targeting control,GGGCCAAAGAATTAGAAGTT,AACGAGCTGGCTCTGTTCTCCGAGTAGTTCCGCCACAATTGC,False
GGGACTTTAGTTCCAGTGGTT,non-targeting control,GGACTTTAGTTCCAGTGGTT,CGAGGACTTGTGATAGGTGAACCTCGAGAAACAACTCTACCC,False
GTGAACGGTGAAGAGATAGGG,non-targeting control,GGAACGGTGAAGAGATAGGG,AGATACGACGCTATCCTCCGTTCTCAGGCCGTATGGCTATGG,False
GAGCCGGCTTGTGACAGTGAA,non-targeting control,GGCCGGCTTGTGACAGTGAA,GCTCGCGAGTTCAATGGTTAAACGACCACCCAAAAGTGATCC,False
GCCAAAAAGATGAATATCTCG,non-targeting control,GCAAAAAGATGAATATCTCG,CGCTTATCTAGGTGCTGCTTAAAAGAACAAGAGGATGTACAA,False
GGATTCATACTAAACACTCTA,non-targeting control,GATTCATACTAAACACTCTA,AATCCGCTCACTGTGGACACTCGACAGTGTGCGAAATACCAT,False
GATTTATAAACACAGGGTCGC,non-targeting control,GTTTATAAACACAGGGTCGC,CTAAAGGCCCCCGGTTTAGTTCGAAGCAGCGAGCCAAACTCC,False
GAGGGGCAGGGCTATCTTATG,non-targeting control,GGGGGCAGGGCTATCTTATG,ATACCGACTACCTTCGGCGGTGCAGAAAACCTCAACTATGGC,False
GGAATAGATTTGTCAGTTAGG,non-targeting control,GAATAGATTTGTCAGTTAGG,TTCGAAGGAAGAAGCCTCGGGGCTCACTCGCTAGGCCTTGTA,False
GAGTTCTGTTCGATAGATGCC,non-targeting control,GGTTCTGTTCGATAGATGCC,TGTACCGGCTCTATCCGGTCCAGGCCCCTTAACCGTTATGTC,False
GGTGATAATGATGTATTCTCG,non-targeting control,GTGATAATGATGTATTCTCG,GGTCCCCCGCTATGTTCTCTGAAGTGTAACATTCTCTCCATG,False
GTCCTCACCTAAAGTGCAATA,non-targeting control,GCCTCACCTAAAGTGCAATA,TAGTGTCCATCGTAATATTGTTGTCCTCTTGTCTCGTGGATA,False
GCGCGCAGAAGGCAAGCAGGG,non-targeting control,GGCGCAGAAGGCAAGCAGGG,ATATATTTATGGATGAGTGATTGTGATAACTTCCTCTCAGGT,False
GGTTTCGAAACTTGAAGTAAG,non-targeting control,GTTTCGAAACTTGAAGTAAG,TCTAGATCGTCTGAGGGGGACCCACCGTCCTTCTTGTACATC,False
GCTAACATGAGTACATAGATA,non-targeting control,GTAACATGAGTACATAGATA,TATTAAATTCTTGAGTAGTACTACGCGACAGCGGCTGCTGGG,False
GACCACTAATGAGATTCTTGT,non-targeting control,GCCACTAATGAGATTCTTGT,TTCGCGAGATCCCGTCGCAGGATGTACCCGTTGATATCAGTG,False
GAGGATGCTGAACAAGTACGT,non-targeting control,GGGATGCTGAACAAGTACGT,ATGGTCGGCTTGACTCTAACTGATTCAAGTAGAGTCCTGACT,False
GTTCTAAGCGCCCTGGGGACA,non-targeting control,GTCTAAGCGCCCTGGGGACA,TACTGGAGTCACTTGGCTAAGCCCCAAGTTAGTAAACGCGAT,False
GATCCTAGGTACAAAAGGACG,non-targeting control,GTCCTAGGTACAAAAGGACG,GGCCCCAAGTGCGTTAGCAGTACGCATCACACCTAGTATTGT,False
GGTATTACTGATATTGGTGGG,non-targeting control,GTATTACTGATATTGGTGGG,GAGTGATTTCAGACGCGCCGGATGAAAGTGTGCGCTGAGTAT,False
GCTCATGAGTCGTTTCTTTCA,non-targeting control,GTCATGAGTCGTTTCTTTCA,GAAGATGACTAGGTGTACCTCGTTCGCTTATTGTCACACTCA,False
GCTTAAGGCGAGAAAAATTAG,non-targeting control,GTTAAGGCGAGAAAAATTAG,AAATGCGACCCTTTGATATTAGGGCCCAGTAACATGTAAGTC,False
GGGATGTTTCTGTGCGCACAT,non-targeting control,GGATGTTTCTGTGCGCACAT,CCCGGTGTTAATCCCATCAGGAGCGTAGACAACGCCATCGCC,False
GTCAGTATCGGCTGCTGGTAA,non-targeting control,GCAGTATCGGCTGCTGGTAA,CGCCATACTCACTGGCCCATGCCCATAGTGTTGCACTTGATT,False
GGTCAAGAGATTATGAGATTC,non-targeting control,GTCAAGAGATTATGAGATTC,AACATAAAAAATGCGGCGCTTAGGACATTGTAGGCAGTGTAT,False
GCAGACCCAGTAAAACCACCA,non-targeting control,GAGACCCAGTAAAACCACCA,AGGTAATACCCGCCTGCTGATCGGAAGCGATCAAGTTCCGCT,False
GCACCATAGAACCTGAAATAC,non-targeting control,GACCATAGAACCTGAAATAC,GGGTGGCCCGAACCGTACGCCCTAGGAGGAAAGATATAGAGG,False
GAGCTGAAAATATACGTATTC,non-targeting control,GGCTGAAAATATACGTATTC,CCTTGTATATCTCTGGGAGCCCATATCCTTGCCTTCTACTCT,False
GGGATTAATTCGCTAAATGAT,non-targeting control,GGATTAATTCGCTAAATGAT,TATCGATTATCATTGATGGCGCTTAAGTAACCTACTCCTCTA,False
GGTGAACTGCAATCTTATTAT,non-targeting control,GTGAACTGCAATCTTATTAT,CTTACCAACTCGTGGAGGGGACGGCACACTTTCTGAGAGACT,False
GATGCAAGACAGCCTCCCAGC,non-targeting control,GTGCAAGACAGCCTCCCAGC,CATTCTGGCGCATATATGTCCTATTTAGCTGGATGCTAATTA,False
GTGTAGTCTGGGGTAGACTCC,non-targeting control,GGTAGTCTGGGGTAGACTCC,GTCGTCACGAACTTGGCGGACACGTACGGCCTGGCGATGGAC,False
GGACGAGGGCGGCAGAGCAGT,non-targeting control,GACGAGGGCGGCAGAGCAGT,AGATAAGGGCTCATCCTAACTGTACTCGCCTCCCGCGCAAAC,False
GGGACCAACTCCCCTGCCCAC,non-targeting control,GGACCAACTCCCCTGCCCAC,GTTAGTCTACCGAAGGTAGACAGTATTGATCAGGCCTATGCC,False
GGGGGCAGGGACCGAGTATCC,non-targeting control,GGGGCAGGGACCGAGTATCC,ACGCACTTAGAGCATAGTAGAAACACAAACTAGGCATAGAGC,False
GCTGCCCTCTTGAAATAGCCA,non-targeting control,GTGCCCTCTTGAAATAGCCA,ACATGAATACGACGGGAAAGGTTTAGCACTTTAAAACGATCA,False
GAGGGATCGTTAGGAAGGGAA,non-targeting control,GGGGATCGTTAGGAAGGGAA,GCTTTGACTGAAGTGACTGAGACACCTGCCCTAATGTGGACG,False
GTGAGTCTTACTAGGTCCTGT,non-targeting control,GGAGTCTTACTAGGTCCTGT,TAGGCTATCAAAAAAGTGCTTGGATTGAACCGAGTGAGTATA,False
GCACATAACATGAGGTATCAG,non-targeting control,GACATAACATGAGGTATCAG,GACTGTCAGTCGATGTTGGAAAAATCGGACCCGATGGATGAC,False
GCTTCCTGCGTGGCTTTAAAC,non-targeting control,GTTCCTGCGTGGCTTTAAAC,TGTCATCCAAATCTCGAGAGGGAGCGTTTAACGATTAGAAGG,False
GATAGCTAAAGTTGATGTGTA,non-targeting control,GTAGCTAAAGTTGATGTGTA,CACCAGGGAAAAAAATGGGCGCCTTCGGTGTCCACCGAAACC,False
GCTTAACACTTTAGTGCGTCA,non-targeting control,GTTAACACTTTAGTGCGTCA,AGATAAGTCTCGGCAGGACACTCCAAGCCAGGGAATCACTGC,False
GCTTATTACTCCAGTATAAGA,non-targeting control,GTTATTACTCCAGTATAAGA,CTCTTACCAAACTGCGCCCAAATCGGTGCGTGTATGGACAGA,False
GAGGGAAACCTCTATGGGTAA,non-targeting control,GGGGAAACCTCTATGGGTAA,ATCCCCCCTAATGTCAAAGCGAATAAAAACTATGCGAAAATG,False
GAAGCCATTGTATAACTCCAG,non-targeting control,GAGCCATTGTATAACTCCAG,GTGTGCTGTTATGTGACATAAAGTGGTAACTATGAACGCAGG,False
GTGCAAGGACCTGGTATGAAC,non-targeting control,GGCAAGGACCTGGTATGAAC,TCTCCTTCCCGACTTACTGTGCGGAATCACTTAAGGCATTCT,False
GCCAGAGCCTTGGTTTATATC,non-targeting control,GCAGAGCCTTGGTTTATATC,AGCAAATCGTTGGATCAGAAAACGGTTGGAGCCCGAGATTAC,False
GGCTGGAGAGACAATTCTACT,non-targeting control,GCTGGAGAGACAATTCTACT,GGGGCTGCGGCCGCACTACTTACTGCTGAGAAATTTGACGCT,False
GTGTAGATATAGGGTGTCTAC,non-targeting control,GGTAGATATAGGGTGTCTAC,GTAGACAACGAAGCGAGAAAATCTAACCAACGTAGGTTTGCC,False
GGCGAATGCCTGAAAGTATAA,non-targeting control,GCGAATGCCTGAAAGTATAA,AGTTTCCTGCGTGCGCGTACCTGGGAAGTGGACACGATAACG,False
GATGGAAGAGCGTCATGACTT,non-targeting control,GTGGAAGAGCGTCATGACTT,GGTTCAACTAGGGAAGGTAACGTTGAGCTGAGCTGACATGCG,False
GTTGCAATGCTGCTATAGAAG,non-targeting control,GTGCAATGCTGCTATAGAAG,CGCCGGAGTGTCAGTCTGCATTAATGACATGCCCCCATTTGG,False
GAAGGCAATTTACTGGATCCT,non-targeting control,GAGGCAATTTACTGGATCCT,CCTAATCGCTCAGGTAGCGTGATTTGAGGTTCACAGCACGGA,False
GAGGACACAGGATACGCAGCT,non-targeting control,GGGACACAGGATACGCAGCT,ACCTTCACGCTCATCCCGTCCCCCTCAGTACAGATGCGCCTG,False
GTGCTCACTCCACTCCTCAAC,non-targeting control,GGCTCACTCCACTCCTCAAC,CCGGTCTGATCAAGACCCCTTGTGGGCCATTATACGGTCTCG,False
GGGAGAGGAAAATCGGCACAG,non-targeting control,GGAGAGGAAAATCGGCACAG,AGGCCTGGGTGTTGCCTTAGATGCTTCTCTCAACGACGCAGT,False
GAGCTTAATGTGCAGGTCAGA,non-targeting control,GGCTTAATGTGCAGGTCAGA,CGAATCAAATGACTTTCTGCGGCCAATTACTCCATCGAGTAT,False
GACTAGGGCAGTGTGTCTGCA,non-targeting control,GCTAGGGCAGTGTGTCTGCA,TTGACTCTCTTAATTGCGTCAGCATCAACTTCATAGGGTCCC,False
GCTCCCAGTACCAGTCAGTTC,non-targeting control,GTCCCAGTACCAGTCAGTTC,GGCGCCGCCCTGTCCATTCGGAGTGTGAAGTCCACTGAAAGG,False
GTCAGGATCAGGGTGTATGGC,non-targeting control,GCAGGATCAGGGTGTATGGC,TAGTACGCCATATACACGATCGTCCGCCCTTAGTTTAGAGAA,False
GAGGATGGATTGAGCAGCGGT,non-targeting control,GGGATGGATTGAGCAGCGGT,ATGTGTTTAGATTAGGTGTGATTCACGAATTTATGGCCACTG,False
GAACAGGAAACGTGACTAAAG,non-targeting control,GACAGGAAACGTGACTAAAG,CTCTAGTTGAAGTACAGACTGGAAAGATCTAACACTGAGTAA,False
GCTGGCTTATTAGCTATAAAG,non-targeting control,GTGGCTTATTAGCTATAAAG,AGCTTAGAGATTCGCGCGTTCTTTCGACACGGGCGAGATTAT,False
GGCAAAAGTGGCATAAAACCG,non-targeting control,GCAAAAGTGGCATAAAACCG,GCTCTTGTCTTACGGGTTCAGCACCGACGATCAGGAAGGGAA,False
GTGACACATTGGCTGGGTGTT,non-targeting control,GGACACATTGGCTGGGTGTT,TAAGTAAAGTATAAGTACGTAGATGAGCCCGGTTGTCTAACT,False
GATGATATCTGACATGCAGCG,non-targeting control,GTGATATCTGACATGCAGCG,GTCCATGAGGCTTCGGAGTTCACCCACACGACGCGTCGTGAT,False
GAGAATGCCATCTAGTTAGTA,non-targeting control,GGAATGCCATCTAGTTAGTA,TTGTCCCCCACCGAGTGCCTTTGTGCCGTAATGAAGCTTCAA,False
GTTGGCCTGGAATTTAGGATC,non-targeting control,GTGGCCTGGAATTTAGGATC,AGCGTGCTGAAGATGTTGCACCTGTTCAGATACTAATTTCGT,False
GGTGGGGTAGTCTGTTGCTCG,non-targeting control,GTGGGGTAGTCTGTTGCTCG,TGCCCGAAAGTTCATCGGGTTCGCGCGGTGCAAGTAGGCCTC,False
GGAGCAGCTGTCAGGTCTTGT,non-targeting control,GAGCAGCTGTCAGGTCTTGT,CTCACCATATTCTAATGTCAAGGCCCAGACAGAACCCTTTGT,False
GGCACTTTGTTTGGCCTACTG,non-targeting control,GCACTTTGTTTGGCCTACTG,GTGAGGCACGGGACGTTTAGACAGATGGCGTTCTAAAGAAGA,False
GGAACTCAACCAGAGGGCCAA,non-targeting control,GAACTCAACCAGAGGGCCAA,GAATTAGCGTACAGGGGCCAGGCTCATAATCTTGCCGCGGTT,False
GCAAATGCCATTTAGGTTATC,non-targeting control,GAAATGCCATTTAGGTTATC,TATGCTTATAAAGTGGCCTCTTTGTGACGCATGGCCCACTGT,False
GGCACGAGGTGAACAGCCGCT,non-targeting control,GCACGAGGTGAACAGCCGCT,ACATCCTGCTCTAAATGCAACTCAAGAGGTCGTAAATGTAGC,False
GTGGCAGTGGAAAATCTGCGG,non-targeting control,GGGCAGTGGAAAATCTGCGG,TTTCTTATTCACCTGGACGGAGCTCGACTAGCGGTCAGTAAA,False
GTCATGCTTGCTTGGGCAAAA,non-targeting control,GCATGCTTGCTTGGGCAAAA,CGGGTCACCTAGTGGCTCTGTCTTAAACGAGTCTACTTATCT,False
GAATTTATCGTCAACATTAAT,non-targeting control,GATTTATCGTCAACATTAAT,GGCCCTATATAGTGCGCTACTGATTATCACGTGAACCTCTTA,False
GAAACTGTAGTGCAGGGTCAG,non-targeting control,GAACTGTAGTGCAGGGTCAG,AAACTAGGATGACTAGGGCCCTCCGGCGGTGGCGCAATAGCC,False
GAAGTGTGTGCATAGCAGGGT,non-targeting control,GAGTGTGTGCATAGCAGGGT,GATGTCGTTCGAAACTATCTGGTTGTTCCCCTGCATTGGAGC,False
GGCAATGCAATCGCAGGAGCA,non-targeting control,GCAATGCAATCGCAGGAGCA,GTGTTAGCGTGCTAAGGCGCCATTCACAATCTACAAGCCAAG,False
GGGTCCCTCTGGCTGGGTTAA,non-targeting control,GGTCCCTCTGGCTGGGTTAA,TGTCAAGCCCAAATCCATCCCTACGCTCGGTAAGCAACCTAG,False
GGAGCTTAGCAAAGGGTTGGG,non-targeting control,GAGCTTAGCAAAGGGTTGGG,TTTGCGCCCGGAATCCGGATTTGTAAAAAGCTGCATCCCATC,False
GAACTACAAGTAAAAGTATCG,non-targeting control,GACTACAAGTAAAAGTATCG,CTGTATTCAGAAGCGGCAGTCGGGCCAATATACACGTACACC,False
GCTTAAGTCATGAGCAAAGAT,non-targeting control,GTTAAGTCATGAGCAAAGAT,GAGGCGGGCTAAGCTCGAATTGGCCTAGCAGAAAAACCGTGA,False
GAAACGAGATCGAGAAAGGTA,non-targeting control,GAACGAGATCGAGAAAGGTA,CGCTTATTGCGCCTTGCAAAAGGTACATGACTCGAAACACAA,False
GATCTGCCATGGCGTCCTGGC,non-targeting control,GTCTGCCATGGCGTCCTGGC,CAGGAAGTATCCACCGCCGTTATCTCACTGAAAACTGCGCTG,False
GCCAGAAAGCCTCTCCATTAC,non-targeting control,GCAGAAAGCCTCTCCATTAC,GTTCTTGCACCGGGAACAGATAAATTATCCGATCTACAATTG,False
GTCCTGCCAAGAAACACCCTT,non-targeting control,GCCTGCCAAGAAACACCCTT,TACATCTAGAAAAACTACGGGTCCTGACAGGCTGTCCATTTC,False
GGACCTTCATTGAAGAAAAGC,non-targeting control,GACCTTCATTGAAGAAAAGC,CGTAAACCTCTGCCAAGCACGGGTCCTGGTGTGTACGTCTAT,False
GGAGATGATAACTTAATTTGT,non-targeting control,GAGATGATAACTTAATTTGT,AGAGGCCTTGTACATTGGTTTCTGGGCCCGGAGCTAGCAACA,False
GAAGAGATCACATCTAGGCCA,non-targeting control,GAGAGATCACATCTAGGCCA,ATTTGGGGCTAGGTAGAGTTATCGCGATCGCTAGGATATGTA,False
GGTTAGGAATAAAAGCTTTGA,non-targeting control,GTTAGGAATAAAAGCTTTGA,GCTGCTTTATGTAAGGCCAGCGGGGCCAAAGCTATTAGGATT,False
GACTTCCCACTTCTTAGGTTG,non-targeting control,GCTTCCCACTTCTTAGGTTG,ACGGGTCTTTGTTTAGCTACTGCACCACCTTTAACACCATGT,False
GCCATTCACAATCCCACTACA,non-targeting control,GCATTCACAATCCCACTACA,ACGGCGTATGGTGATTGCGCCGAAATAGCGACATTTGCCAAT,False
GTAAGCCTCATGAAGGAGGGG,non-targeting control,GAAGCCTCATGAAGGAGGGG,CTCCCATACCGCAGATCTTCTGCAAGGCACCGCACCTCTACT,False
GGGTACTGGAAGTCCGAAACC,non-targeting control,GGTACTGGAAGTCCGAAACC,GAGCTCTGGCGGAGAGTACTTGTAGGGTGCACGTTACAGCAC,False
GAAATAATATGCATCTCTCGA,non-targeting control,GAATAATATGCATCTCTCGA,AAGTCCCACGTACATTGCCAGGTTTATCTAGGCGAGTTGATC,False
GAGCTGGACTCTGTAGAAATC,non-targeting control,GGCTGGACTCTGTAGAAATC,CCCGAAGAGTGCGAGTATAGGATGCAGGAGAGTTCGGTCACG,False
GCCTAACCCCTGGCCAGGAAG,non-targeting control,GCTAACCCCTGGCCAGGAAG,AGGCTGAACGGACTGGTGGAATCCAGGATAGAGATTATAAAG,False
GAACCACGGCATTGAGAGGTG,non-targeting control,GACCACGGCATTGAGAGGTG,AACGTTGCGTAATGGGAGCAGCCAAAGGTGCCCGGACGCTAA,False
GAGTACCCCTAGGTATGGGGA,non-targeting control,GGTACCCCTAGGTATGGGGA,TCCGTTGCCGTGACTGAGGTGTCGTGGATTAGCTGCCCCAGT,False
GCCTCTGGAAGGACACTTCTG,non-targeting control,GCTCTGGAAGGACACTTCTG,AGAGACACGCCTACAACTTTACCGGCAGAGCGTGCGGCTTTG,False
GTCTACCTATTGTGGAATTTG,non-targeting control,GCTACCTATTGTGGAATTTG,GCGTCGAGCGTACCTCCGGCTACTAGTCCCAGTACCCCGCTC,False
GTACATGGTATAGTGTTTATT,non-targeting control,GACATGGTATAGTGTTTATT,GTCATGTAACAACCTTCCCGTCCGCAGGTAGTGCACGAGTAC,False
GGGGCAGAAGTTGCTGTCCTG,non-targeting control,GGGCAGAAGTTGCTGTCCTG,ACGTTTACCGGACGACGTTCCAGTAAAGTGAGCTACGTCCAC,False
GACAGGTTCTTATTCATTGAC,non-targeting control,GCAGGTTCTTATTCATTGAC,TCCGATCCGTGCCAAAAGACTGCTTACGACTCTTCTTCTTAT,False
GATCCATGTGGTTACAATATT,non-targeting control,GTCCATGTGGTTACAATATT,TCCGGGTCTTCTAAGACGAGTACGGCGGAACATAGCGATAGG,False
GGGGGAAACAAGTAGGCTTTG,non-targeting control,GGGGAAACAAGTAGGCTTTG,GCCGGCACGACCTGAAGTTCTCAGCATACCGCACGATCGGAC,False
GTCAAGGAGCCTTATTTCTTG,non-targeting control,GCAAGGAGCCTTATTTCTTG,CCAGTAAAATACGGATTTGTGACTCGTACGTGCATTATAAAC,False
GACTGCTGCTGACATCTCTTA,non-targeting control,GCTGCTGCTGACATCTCTTA,CAAAGGCAAGGCGCAGTGTTGATCCTTGAAAAAAAAGCCGTT,False
GTGGAGTGCACGCGAAAAGAA,non-targeting control,GGGAGTGCACGCGAAAAGAA,GGTTGCACGGTTCCCTATCAATACAAGCTTCCCGGTGAAGAA,False
GATCTACAATCCAGCCCTCTA,non-targeting control,GTCTACAATCCAGCCCTCTA,TCCTACACTCGTTGCATTGACGGACATACTATACTATGCCTG,False
GGTAAATTAATGTAACTACCG,non-targeting control,GTAAATTAATGTAACTACCG,GCCATTGGCCTTGCTCAATTGGCTACATCAATGAGTAACAAT,False
GTGTGAAAGTTTATGGTGTTA,non-targeting control,GGTGAAAGTTTATGGTGTTA,ATCCAACATCTCGACCTTAGATACAGGAATTAAAGTGCTAGT,False
GGGAGTATAAAAAAGTGGTGT,non-targeting control,GGAGTATAAAAAAGTGGTGT,GAATATCCACTACGGTCGTGTTTCTGAAACGTTGTCTGTATA,False
GGCTTTCAATTGCAAAAATAC,non-targeting control,GCTTTCAATTGCAAAAATAC,ACCAGACTAGTCTCAGCTGGAAATCCGTGATCTGAGCCGCTT,False
GAAAGACTTGCTCCAAAACAC,non-targeting control,GAAGACTTGCTCCAAAACAC,ACTGCAGCGAAATAGCTACACTCCTACCGGGAGGGGCACGTA,False
GTAAATTCAGACCACAGCTAA,non-targeting control,GAAATTCAGACCACAGCTAA,GCCAGCGCCCTACCTATCGGGCACATTCGAGGCTCCGAGTAG,False
GCTCTCTCCTACCTGTCCACC,non-targeting control,GTCTCTCCTACCTGTCCACC,ATGGCAAAAGTAAAGCGATGCATTAACTGTCGGTCTCTGAAC,False
GCCTTGAAATCAAATCAAACC,non-targeting control,GCTTGAAATCAAATCAAACC,AAGCCGCCCGCCTTCTCGGGCTCGGGGGATCCATGACGATGG,False
GCCTCTCCCAATCTACAGCTC,non-targeting control,GCTCTCCCAATCTACAGCTC,GTTTAGTATGAAGAAAGTGAACCTAGATTGTCAAGGAGCAGA,False
GGCAGCGAGATAACTTGACTC,non-targeting control,GCAGCGAGATAACTTGACTC,GGACGGGGCTTGTATACATCAGCACTCAGAGTTCCAAGTTTA,False
GATCAAAGTGTCTGACTTATT,non-targeting control,GTCAAAGTGTCTGACTTATT,TTCGCGCGGGTGGCTGCGCACGCCTATGGACATCGGGGCACG,False
GCAAATACAATTACTTATAGC,non-targeting control,GAAATACAATTACTTATAGC,TGGGTTCGCCTCAAGGTAATTCCTGGGTGGATGCTAACAGTC,False
GGCAAGGTCATGAAACCAAGC,non-targeting control,GCAAGGTCATGAAACCAAGC,CCAAAATACACGCTGCGTTGACATAAATAGCGTTGCACGTCG,False
GCGTGTAAAAATACCTTTCTA,non-targeting control,GGTGTAAAAATACCTTTCTA,AGCTCGTATCCGTACCGTGGCACTACGCTGTGTTGTCTTGAG,False
GCTGTGTTGCTCCCCTCCCCT,non-targeting control,GTGTGTTGCTCCCCTCCCCT,CGGCAGCTAGCTTTGAAACTGCTCAACTCATGTAGACAATCG,False
GGTCTTCACAGGGTGCAACGA,non-targeting control,GTCTTCACAGGGTGCAACGA,AAGCATCATGGTAGCGAACGCGACCACCCGCTTCTGCGTGAA,False
GGCAAATTCAGACAGCTAATT,non-targeting control,GCAAATTCAGACAGCTAATT,CCTTGCTGCATCGCCTACCTGAATGGGCCCCTGGCTACTTAT,False
GTAGTACATGTGTGGTATTTA,non-targeting control,GAGTACATGTGTGGTATTTA,CCCGGATGCCAGGTTCCCATGTCTTGTTGTCTATCCCAGGAC,False
GAGTGTGGAAAAGCTAACAGA,non-targeting control,GGTGTGGAAAAGCTAACAGA,TTCCTCCGCGTTACGACTTGAATGAGCTTAATAGTAGGTGTA,False
GTGCCCCACCCCAGTGCTCAG,non-targeting control,GGCCCCACCCCAGTGCTCAG,AAATATCAAACACGGACATAATGCACCCAGAGAATTGTTCTC,False
GTCGAGAGGAAAAACACACTG,non-targeting control,GCGAGAGGAAAAACACACTG,AGTTGTCAAGAGCTGAGGGACCGTCACATTCGACGCCGGACC,False
GAATTTAAGCTTCGTAACTGG,non-targeting control,GATTTAAGCTTCGTAACTGG,TTGTCTTTGACAAGCGTAAGTAAGCGGGCGAACCTCACACCT,False
GGATCCAGCAATATTTCTTAA,non-targeting control,GATCCAGCAATATTTCTTAA,AGTTTAGCGCGGTTTAGCAGCGGCACTAGTCCCTGACCATAG,False
GCCAGCCAAGAATCCAGCCCC,non-targeting control,GCAGCCAAGAATCCAGCCCC,AGGGGCATCGTTCAATGCTAGAAGGAAGTCTTTGTATTGGCA,False
GCAGAGACAATGACATGTAGA,non-targeting control,GAGAGACAATGACATGTAGA,ACTCTTTGGTAGCTCTATGCCATAGCGTAGTCAGTTCGTGAC,False
GGCTAGTTTCTGTTAGCTCCT,non-targeting control,GCTAGTTTCTGTTAGCTCCT,CCCCATTGACCTAGGGAGCTCTGAGCGGGTCTGCGAGCTCAT,False
GAAAATAGCAGTAAACTCAAC,non-targeting control,GAAATAGCAGTAAACTCAAC,CGGGGGATCATCGATAGCTTGTTAAGAGTCGACCATCAGAAA,False
GTCAGCAAAGGACGAAACAAA,non-targeting control,GCAGCAAAGGACGAAACAAA,AGCGATATTGGCCATACCTTGCGTCATGCCCGGCACCCGCGG,False
GAAGGACTGGAATATGGAGAG,non-targeting control,GAGGACTGGAATATGGAGAG,ATGCACCGGCGCGGGTCGAGAGTCACTCACAGGTCCATCGTC,False
GAGTTCCCAGAAATATATTGC,non-targeting control,GGTTCCCAGAAATATATTGC,ACGGTAGTCCGCTTGACTAGGTCGGGACTTACATGTGTGAGC,False
GGTTTAAAGAAAGGGGCTAAG,non-targeting control,GTTTAAAGAAAGGGGCTAAG,TTGGTGTAACTAAACTCGTGGAAGTAACGCCACCTATCACCT,False
GCCAGTTGCTCTGGGGGAACA,non-targeting control,GCAGTTGCTCTGGGGGAACA,GCGGGGGCGCTTGCCATCGACTTGCCATTATGATCGCTAGAC,False
GTCATCTTACATCTGGGAGAC,non-targeting control,GCATCTTACATCTGGGAGAC,GTGGTGGATTGGTGCGAGCCGCGCAACAAAAAACGGAACGCG,False
GAAAGATATAGCAAATTATGG,non-targeting control,GAAGATATAGCAAATTATGG,GAAGTAGTTATTCCCACCCAGGCATGAGTTGCAGAGGTTAAC,False
GACCTTACAATAAGTTATATT,non-targeting control,GCCTTACAATAAGTTATATT,GTACCGGACCTGCATTGCCTCGTCCATAGTATGTCTTGCGCG,False
GTGTCATGCGTCACTTAGTGC,non-targeting control,GGTCATGCGTCACTTAGTGC,TCAGACATAGCTTCCGGACCCGCCCCACTCAATTCGCCCACA,False
GAAGTGACAGATGGGCAGGCG,non-targeting control,GAGTGACAGATGGGCAGGCG,ATCTCGGAAAGGAAGAGAGTCCTTTAGGATGTTGGAGTTGCC,False
GGGTCTCTGTACGGGCCGCCC,non-targeting control,GGTCTCTGTACGGGCCGCCC,ATACGAAAAGGCGGTACCCTAACTTCGTCACTGGAAACATAG,False
GTTGGATATTAATTAGACATG,non-targeting control,GTGGATATTAATTAGACATG,AGTGTAGACTCACTACCATCTGCGATAAGCAGAATTGCTTGC,False
GGACTTCTAGAATATAAAAGA,non-targeting control,GACTTCTAGAATATAAAAGA,GTTTGAGGAATTGCCTGCTTCCTCCAAGTATCCGGGACTGCA,False
GTAGTGGAAAATGAATATTGA,non-targeting control,GAGTGGAAAATGAATATTGA,TTCTGCGGTTGACCACTTGTCAGCTGGTGCCGCCCGGGTTGA,False
GCGGGATGCAGCTGGAGAGGA,non-targeting control,GGGGATGCAGCTGGAGAGGA,GTCATACATACATCCCGTTCGTGGGAGTGCCACCCGACGCCT,False
GTATAACGGTAATGGGATTCC,non-targeting control,GATAACGGTAATGGGATTCC,AAATGGCGTCGCTAGAGGATTGTTGGTGCCTGTTTGCCACAG,False
GAAGAAGAATTGGGGATGATG,non-targeting control,GAGAAGAATTGGGGATGATG,CTGTCGAGCCGATTGGACATGGATCGCAGTACCGACAGAACC,False
GCAAAGGGGGAAGTGCAGGGA,non-targeting control,GAAAGGGGGAAGTGCAGGGA,CCACGTCTATACAAGATACAATGAGTTCCGCTTACGATGGGT,False
GTAAAGCAGAAGAATATACAG,non-targeting control,GAAAGCAGAAGAATATACAG,AGGCATGGACCACACAGATGGCCTCCACTCAATTCGATCCAG,False
GATTTAGTAGACATTGGGTCT,non-targeting control,GTTTAGTAGACATTGGGTCT,AAGGGATCGACAAGACAGCCATATATATTTCGGATTGATTGG,False
GGTGTAGTCCTAGCCATGGGG,non-targeting control,GTGTAGTCCTAGCCATGGGG,ATCCGATCCAGAGCGATGACAGGTAATAGGGTTCGGGTACCT,False
GGCCCCGCCGCCCTCCCCTCC,non-targeting control,GCCCCGCCGCCCTCCCCTCC,GTCATGATAGCAATACGATTTACAGATGAGGTCTCAACTCTG,False
GGAGAAGTGGGGAGCCATTGG,non-targeting control,GAGAAGTGGGGAGCCATTGG,TAGCCGTAACAACGCCTTAACTGACAAGCAGTAACATGAAAG,False
GAGAAGAAAAAAATGTCTACG,non-targeting control,GGAAGAAAAAAATGTCTACG,CTTACGAGGGGGCGGGGAGGTCGGCGTTTCATCTAATCCCGA,False
GGACTGAAATCCAAGGACTGT,non-targeting control,GACTGAAATCCAAGGACTGT,AATCTACCTCGTTCCACCGCAAGGGTTCGCAGCTCGTACGCT,False
GTAAACAAAAAGGAAATAGTT,non-targeting control,GAAACAAAAAGGAAATAGTT,TGACTCGGTGTGCCTCAACAAGTTACGATGGAGGATCCTTTC,False
GCTGAGTGAAAAATAAAAGTT,non-targeting control,GTGAGTGAAAAATAAAAGTT,GGGAGGGCAATAGTGAGCTACAGAGTACCCCGGGTCTTTCTG,False
GGACAATCATGGTGAAAGCGG,non-targeting control,GACAATCATGGTGAAAGCGG,TCTGATAGTATCTATCGCTACATCTAGACATCAGTTCATACC,False
