,gRNA_id,sense_oligo,antisense_oligo
0,gRNA_65,CACCGGTGTAGGTGGCTGCACCTG,AAACCAGGTGCAGCCACCTACACC
1,gRNA_604,CACCGCCATGCCTCATCCTCCCTC,AAACGAGGGAGGATGAGGCATGGC
2,gRNA_610,CACCGGCGTCTCTGATCACCAAGG,AAACCCTTGGTGATCAGAGACGCC
3,gRNA_677,CACCGTGCCTCTGCACTTGAAGAC,AAACGTCTTCAAGTGCAGAGGCAC
4,gRNA_791,CACCGCACCTACACCCCGGGGAAG,AAACCTTCCCCGGGGTGTAGGTGC
5,gRNA_1273,CACCGAGGCATGGTACTTCTTTCG,AAACCGAAAGAAGTACCATGCCTC
6,gRNA_1275,CACCGTGAGGCATGGTACTTCTTT,AAACAAAGAAGTACCATGCCTCAC
7,gRNA_1276,CACCGCAGAGGGAGGATGAGGCAT,AAACATGCCTCATCCTCCCTCTGC
8,gRNA_1280,CACCGGAGACGCGCAGAGGGAGGA,AAACTCCTCCCTCTGCGCGTCTCC
9,gRNA_1359,CACCGCAGAGGCAGGTGCCGGTGC,AAACGCACCGGCACCTGCCTCTGC
